company_id	company_name	target_city	sector	account_tier	revenue_aed_bn	revenue_band	revenue_growth_12m_pct	employee_count	primary_fractional_cxo	primary_need_score	secondary_fractional_cxo	secondary_need_score	recommended_service_package	service_mix	estimated_annual_savings_aed	estimated_savings_pct	expected_annual_contract_value_aed	expected_account_ltv_aed	win_probability	weighted_pipeline_value_aed	urgency_score	urgency_tier	pain_archetype	maturity_segment	ai_supported_roles	ai_agent_addons	ideal_next_action	ebitda_margin_pct	employee_growth_12m_pct	digital_maturity_score	cash_flow_volatility_score	reporting_delay_days	compliance_risk_score	attrition_rate_pct	hiring_velocity_score	campaign_roi_x	cac_growth_pct	lead_conversion_pct	process_efficiency_score	on_time_delivery_pct	expansion_complexity_score	fundraising_readiness_score	data_maturity_score	cyber_risk_score	project_backlog_score	automation_potential_score	customer_concentration_score	board_reporting_complexity_score	geographic_spread_count	cfo_need_score	cto_need_score	chro_need_score	cmo_need_score	coo_need_score	full_time_equivalent_cost_aed	fractional_ai_solution_cost_aed	pipeline_stage	need_score_std	need_score_mean	q1_pipeline_inquiries	q2_pipeline_inquiries	q3_pipeline_inquiries	q4_pipeline_inquiries	rev_growth_q1_pct	rev_growth_q2_pct	rev_growth_q3_pct	rev_growth_q4_pct	preferred_outreach_channel	offer_type	ab_test_variant	treatment_flag	days_since_last_contact	sales_touchpoints_90d	meetings_booked_90d	proposal_count_90d	recommended_acv_aed	ai_attach_value_aed	response_probability	baseline_conversion_probability	incremental_uplift_pct	expected_close_days	expected_contract_term_months	upsell_propensity_score	cross_sell_readiness_score	account_health_score	client_churn_risk_score	next_service_expansion_days	forecast_2q_revenue_aed	expected_roi_multiple	company_context_line	hq_zone	hq_zone_context	city	region	country	latitude	longitude
DXB001	Emirates Group	Dubai	Aviation	Tier 1	44.38	Mega	9.6	8785	CHRO	68.1	CMO	59.7	CHRO lead + CMO add-on + AI support	COO-led transformation	2415000	70.7	1772600	2902632	0.394	698404	70.4	High	People scaling	Digitally Mature	CFO	Board Reporting Copilot; FP&A Agent; Compliance Calendar Agent	Run diagnostic outreach	22	1.2	79	53	25	84	23.3	77	1.24	8.4	7.9	51	85.2	90	38	82	57	49	56	27	24	7	56.5	46.2	68.1	59.7	54.2	3415000	1000000	Prospect	7.99	56.94	11	1	12	8	11.8	8.8	7.5	9.8	Partner referral	CXO advisory sprint	A	0	79	1	0	0	1550400	222200	0.589	0.589	0	119	15	68.2	67.6	57.5	36.2	146	453963	2.42	Emirates Group is a Dubai-based aviation corporate in the mega with high pressure, where a CHRO-led offer is most relevant because the account shows signals of people scaling; CMO is the strongest secondary expansion path.	Dubai Silicon Oasis	Innovation-oriented area with scaling, systems, and process design needs.	Dubai	Dubai	UAE	25.129199999999997	55.3752
DXB002	dnata	Dubai	Logistics	Tier 3	5.68	Upper-Mid	13.6	10339	CHRO	60.9	CMO	60.9	CHRO lead + CMO add-on + AI support	COO-led transformation	2415000	70.7	1390750	1617326	0.471	655043	54.9	Moderate	People scaling	Digitally Mature	CFO	Board Reporting Copilot; FP&A Agent; Compliance Calendar Agent	Share tailored problem map	17.2	5.8	76	32	16	73	23.1	87	1.46	8.9	2.7	64	86.6	31	81	77	44	96	53	35	83	5	53.1	44.9	60.9	60.9	45.9	3415000	1000000	Discovery	7.76	53.14	12	13	11	14	12.8	13.2	14.3	15.5	Partner referral	CXO advisory sprint	C	1	35	3	1	0	1172150	218600	0.65	0.6	8.3	74	11	59.1	64.2	62.4	35	109	655043	2.42	dnata is a Dubai-based logistics corporate in the upper-mid with moderate pressure, where a CHRO-led offer is most relevant because the account shows signals of people scaling; CMO is the strongest secondary expansion path.	Dubai South	Logistics and expansion corridor with execution and operating-efficiency relevance.	Dubai	Dubai	UAE	24.880699999999997	55.17365
DXB003	flydubai	Dubai	Aviation	Tier 1	30.07	Mega	5.8	45718	CFO	69.6	CHRO	57.5	CFO lead + CHRO add-on + AI support	COO-led transformation	2760000	70.2	2023950	4203836	0.54	1092933	68.9	High	Finance stress	Managed Complexity	COO	Workflow Monitoring Agent; SLA Alert Agent; Process Mining Agent	Share tailored problem map	11.8	4.2	73	54	32	71	24.3	53	3.18	4	15.3	63	75.9	81	79	48	35	67	69	20	77	3	69.6	53.4	57.5	39.1	54.3	3930000	1170000	Discovery	10.9	54.78	7	6	11	1	3.2	3.6	5.6	7.5	Partner referral	Cost-savings diagnostic	B	1	54	11	2	1	1786150	237800	0.757	0.707	7.1	62	19	68.6	71.6	64.7	31.9	127	1092933	2.36	flydubai is a Dubai-based aviation corporate in the mega with high pressure, where a CFO-led offer is most relevant because the account shows signals of finance stress; CHRO is the strongest secondary expansion path.	DIFC	Financial district with strong executive and transformation demand.	Dubai	Dubai	UAE	25.22595	55.29325
DXB004	Dubai Airports	Dubai	Transport Infrastructure	Tier 4	2.17	Mid	14.2	8910	CMO	60.4	CHRO	51.2	CMO lead + CHRO add-on + AI support	CMO-led advisory	2400000	70	1259800	1306565	0.411	517778	58.4	Moderate	Growth efficiency	Digitally Mature	CFO	Board Reporting Copilot; FP&A Agent; Compliance Calendar Agent	Book discovery call	31.3	16.4	77	41	18	51	9.1	63	1.19	15.4	9.5	84	89.5	62	52	70	58	57	31	53	75	4	48.1	42.5	51.2	60.4	37.5	3430000	1030000	Qualified	8.72	47.94	2	5	10	3	11.3	12.7	16.9	12.2	Founder referral	CXO advisory sprint	C	0	9	7	2	1	1067600	192200	0.618	0.618	0	87	10	53.8	60.8	73.5	31.2	126	517778	2.33	Dubai Airports is a Dubai-based transport infrastructure corporate in the mid with moderate pressure, where a CMO-led offer is most relevant because the account shows signals of growth efficiency; CHRO is the strongest secondary expansion path.	Dubai South	Logistics and expansion corridor with execution and operating-efficiency relevance.	Dubai	Dubai	UAE	24.8982	55.1467
DXB005	DP World	Dubai	Logistics	Tier 3	4.29	Upper-Mid	8.1	16295	CMO	57	CTO	55.3	CMO lead + CTO add-on + AI support	COO-led transformation	2710000	71.9	1464900	1568664	0.438	641626	61	Moderate	Growth efficiency	Managed Complexity	CFO	Board Reporting Copilot; FP&A Agent; Compliance Calendar Agent	Book discovery call	11.8	16.8	66	31	28	44	12.2	24	1.8	15.2	10.9	62	85.9	79	38	56	48	84	47	23	42	1	50.6	55.3	43.1	57	49.7	3770000	1060000	Qualified	5.45	51.14	12	1	1	5	6.1	8.2	6.8	11.2	Warm intro	Cost-savings diagnostic	B	0	12	1	0	0	1253500	211400	0.696	0.696	0	99	10	62.7	65.4	67	32.3	106	417057	2.56	DP World is a Dubai-based logistics corporate in the upper-mid with moderate pressure, where a CMO-led offer is most relevant because the account shows signals of growth efficiency; CTO is the strongest secondary expansion path.	Dubai South	Logistics and expansion corridor with execution and operating-efficiency relevance.	Dubai	Dubai	UAE	24.91255	55.15195
DXB006	Jumeirah Group	Dubai	Hospitality	Tier 4	2.99	Mid	15	17548	CHRO	63.8	COO	60.4	CHRO lead + COO add-on + AI support	CHRO-led scaleup	2570000	71.7	1284000	2047834	0.598	767832	59.6	Moderate	People scaling	Scale-up Pressure	CTO	Automation Scout Agent; Architecture Assistant; Incident Triage Agent	Send commercial proposal	13.5	11	54	69	18	30	17.8	78	2.1	3.6	12.1	72	65.2	47	33	37	42	89	50	80	53	8	49.8	56.6	63.8	48.6	60.4	3585000	1015000	Proposal	6.59	55.84	9	9	3	2	10.6	15.2	13	15.3	Partner referral	Transformation workshop	B	1	11	8	3	1	1069000	215000	0.739	0.689	7.3	38	15	60.7	63.3	65.8	33.5	111	767832	2.53	Jumeirah Group is a Dubai-based hospitality corporate in the mid with moderate pressure, where a CHRO-led offer is most relevant because the account shows signals of people scaling; COO is the strongest secondary expansion path.	Downtown Dubai	Central business location with high executive visibility and cross-functional complexity.	Dubai	Dubai	UAE	25.181449999999998	55.27895
DXB007	Dubai Holding	Dubai	Conglomerate	Tier 2	20.36	Large	19.5	19757	CHRO	57.1	CMO	53.8	CHRO lead + CMO add-on + AI support	CHRO-led advisory	2415000	70.7	1551750	2492498	0.694	1076914	57.7	Moderate	People scaling	Scale-up Pressure	COO	Workflow Monitoring Agent; SLA Alert Agent; Process Mining Agent	Offer pilot with AI add-ons	24.5	10.8	69	58	5	45	25.9	27	2.35	0.5	6.9	82	68.4	64	43	84	19	73	59	66	65	5	45.6	43.2	57.1	53.8	53.1	3415000	1000000	Negotiation	5.88	50.56	2	4	13	1	17.1	21.2	20.4	19.5	Warm intro	Cost-savings diagnostic	C	1	61	14	6	2	1325950	225800	0.787	0.737	6.8	7	15	62.7	68.8	68.9	30.7	107	1076914	2.42	Dubai Holding is a Dubai-based conglomerate corporate in the large with moderate pressure, where a CHRO-led offer is most relevant because the account shows signals of people scaling; CMO is the strongest secondary expansion path.	Downtown Dubai	Central business location with high executive visibility and cross-functional complexity.	Dubai	Dubai	UAE	25.18565	55.2877
DXB008	TECOM Group	Dubai	Real Estate	Tier 2	22.51	Large	10.9	14055	CFO	47.4	CMO	47.4	CFO lead + CMO add-on + AI support	COO-led transformation	2835000	70.6	1730450	2901912	0.326	564127	44.3	Monitor	Finance stress	Managed Complexity	CTO	Automation Scout Agent; Architecture Assistant; Incident Triage Agent	Run diagnostic outreach	23.7	7.4	47	71	8	31	13.3	57	1.29	-2.7	11.4	76	95.3	32	87	67	50	48	67	56	39	1	47.4	47.3	40.2	47.4	29.7	4015000	1180000	Prospect	7.75	42.4	6	4	11	13	5.9	5.6	9.4	14.3	Warm intro	CXO advisory sprint	C	1	57	11	3	1	1495050	235400	0.627	0.577	8.7	99	16	56.7	56.6	63.7	36.7	123	366683	2.4	TECOM Group is a Dubai-based real estate corporate in the large with monitor pressure, where a CFO-led offer is most relevant because the account shows signals of finance stress; CMO is the strongest secondary expansion path.	Downtown Dubai	Central business location with high executive visibility and cross-functional complexity.	Dubai	Dubai	UAE	25.21435	55.28105
DXB009	Emaar Properties	Dubai	Real Estate	Tier 1	33.61	Mega	9.2	1990	CHRO	58.6	CTO	57	CHRO lead + CTO add-on + AI support	COO-led transformation	2650000	72.2	1713050	3571450	0.591	1012413	58.3	Moderate	People scaling	Managed Complexity	COO	Workflow Monitoring Agent; SLA Alert Agent; Process Mining Agent	Send commercial proposal	26.1	9.2	47	66	16	49	18.6	91	2.41	2.5	7.3	64	77.8	59	28	31	44	85	25	79	57	2	48.8	57	58.6	52.6	53	3670000	1020000	Proposal	3.88	54	3	10	7	4	7.3	4.9	6.9	12.7	Partner referral	Cost-savings diagnostic	B	1	87	15	5	4	1528050	185000	0.73	0.68	7.4	24	20	55.2	58.9	61.6	36.6	110	1012413	2.6	Emaar Properties is a Dubai-based real estate corporate in the mega with moderate pressure, where a CHRO-led offer is most relevant because the account shows signals of people scaling; CTO is the strongest secondary expansion path.	Downtown Dubai	Central business location with high executive visibility and cross-functional complexity.	Dubai	Dubai	UAE	25.2133	55.27825
DXB010	Emaar Development	Dubai	Real Estate	Tier 2	20.06	Large	2.8	3143	COO	66.7	CHRO	63.7	COO lead + CHRO add-on + AI support	COO-led transformation	2540000	70	1716900	4411067	0.448	769171	65	Moderate	Operational complexity	Transformation Gap	CTO	Automation Scout Agent; Architecture Assistant; Incident Triage Agent	Book discovery call	24.1	13.5	53	69	32	59	8.4	78	3.91	1.4	2.6	44	75.4	62	30	83	51	84	92	34	32	11	55.8	58	63.7	49.1	66.7	3630000	1090000	Qualified	6.89	58.66	11	10	11	9	-1.7	4.7	4.4	3.1	Partner referral	Transformation workshop	C	0	4	11	2	1	1451500	265400	0.689	0.689	0	82	23	74.9	68.7	61.5	34.2	119	769171	2.33	Emaar Development is a Dubai-based real estate corporate in the large with moderate pressure, where a COO-led offer is most relevant because the account shows signals of operational complexity; CHRO is the strongest secondary expansion path.	Downtown Dubai	Central business location with high executive visibility and cross-functional complexity.	Dubai	Dubai	UAE	25.192999999999998	55.2814
DXB011	DEWA	Dubai	Utilities	Tier 2	20.33	Large	8.7	29750	CHRO	63.6	COO	57.4	CHRO lead + COO add-on + AI support	CHRO-led advisory	2570000	71.7	1580050	2554115	0.747	1180297	66.7	High	People scaling	Managed Complexity	CTO	Automation Scout Agent; Architecture Assistant; Incident Triage Agent	Convert pilot to annual retainer	25.6	2.1	80	38	12	41	27.8	53	3.83	18	16.3	53	80.7	87	43	50	19	74	48	61	47	5	43.7	48.3	63.6	43.2	57.4	3585000	1015000	Pilot	8.96	51.24	5	3	10	13	7.7	8.9	9.5	9.6	Warm intro	Cost-savings diagnostic	A	0	80	1	0	0	1367450	212600	0.639	0.639	0	19	15	64.5	67.4	57.7	35.9	106	1180297	2.53	DEWA is a Dubai-based utilities corporate in the large with high pressure, where a CHRO-led offer is most relevant because the account shows signals of people scaling; COO is the strongest secondary expansion path.	Dubai Media City	Commercial hub with strong brand, growth, and marketing execution relevance.	Dubai	Dubai	UAE	25.099649999999997	55.15305
DXB012	Empower	Dubai	Utilities	Tier 3	7.95	Upper-Mid	11.2	1153	COO	52.6	CMO	46.5	COO lead + CMO add-on + AI support	COO-led advisory	2615000	70.4	1471700	2146229	0.602	885963	47.4	Monitor	Operational complexity	Digitally Mature	CTO	Automation Scout Agent; Architecture Assistant; Incident Triage Agent	Offer pilot with AI add-ons	25.8	3.6	80	21	5	44	9.4	83	1.41	13.2	16	44	73.2	34	87	79	41	89	59	49	49	2	37.7	43.3	42.6	46.5	52.6	3715000	1100000	Negotiation	5.5	44.54	1	2	11	11	7.9	11.8	5.6	10.6	Partner referral	Transformation workshop	B	1	80	1	0	0	1245900	225800	0.544	0.494	10.1	34	14	55	59.8	61.3	36.9	136	885963	2.38	Empower is a Dubai-based utilities corporate in the upper-mid with monitor pressure, where a COO-led offer is most relevant because the account shows signals of operational complexity; CMO is the strongest secondary expansion path.	Dubai South	Logistics and expansion corridor with execution and operating-efficiency relevance.	Dubai	Dubai	UAE	24.88665	55.1684
DXB013	Salik	Dubai	Transport Infrastructure	Tier 4	2.32	Mid	7	1108	COO	64.5	CHRO	57	COO lead + CHRO add-on + AI support	COO-led advisory	2540000	70	1330550	2109224	0.498	662614	64.9	Moderate	Operational complexity	Managed Complexity	CMO	Campaign Insights Agent; Content Performance Agent; Lead Funnel Agent	Share tailored problem map	20.6	2.6	76	33	31	52	18.8	72	1.48	19.7	13.4	46	66.7	76	41	37	58	86	30	41	88	4	55.7	55.1	57	55.9	64.5	3630000	1090000	Discovery	3.9	57.64	4	4	8	1	4.6	5.4	5.3	9.9	Industry event	CXO advisory sprint	B	0	17	12	2	0	1139550	191000	0.638	0.638	0	61	15	59	63.8	59.6	36.5	119	662614	2.33	Salik is a Dubai-based transport infrastructure corporate in the mid with moderate pressure, where a COO-led offer is most relevant because the account shows signals of operational complexity; CHRO is the strongest secondary expansion path.	Jebel Ali	Trade and industrial base where COO and CFO interventions often have strong logic.	Dubai	Dubai	UAE	24.98535	55.06255
DXB014	Parkin	Dubai	Transport Infrastructure	Tier 2	13.24	Large	12.6	9761	CHRO	74.2	COO	63.5	CHRO lead + COO add-on + AI support	CHRO-led advisory	2570000	71.7	1618550	3906101	0.648	1048820	75.3	High	People scaling	Scale-up Pressure	CMO	Campaign Insights Agent; Content Performance Agent; Lead Funnel Agent	Send commercial proposal	37.1	19.4	66	39	21	35	19.9	62	1.16	-1.5	8.7	42	83.5	93	20	89	71	76	55	46	63	9	43.2	55.2	74.2	56.5	63.5	3585000	1015000	Proposal	11.41	58.52	9	12	2	5	16.1	10.7	10.6	15.6	Industry event	Cost-savings diagnostic	B	0	20	14	3	2	1397550	221000	0.754	0.754	0	31	22	69.6	70.6	60.1	33.8	114	1048820	2.53	Parkin is a Dubai-based transport infrastructure corporate in the large with high pressure, where a CHRO-led offer is most relevant because the account shows signals of people scaling; COO is the strongest secondary expansion path.	Dubai Media City	Commercial hub with strong brand, growth, and marketing execution relevance.	Dubai	Dubai	UAE	25.0839	55.15865
DXB015	Dubai Financial Market	Dubai	Financial Services	Tier 4	0.86	Mid	4.4	2303	CHRO	56.8	CFO	50.4	CHRO lead + CFO add-on + AI support	CFO-led governance	2800000	72.9	1309500	1802943	0.438	573561	54.2	Moderate	People scaling	Digitally Mature	CMO	Campaign Insights Agent; Content Performance Agent; Lead Funnel Agent	Share tailored problem map	40.4	3.9	80	33	28	75	25.1	66	2.85	7.2	8	88	85.5	52	84	85	37	49	62	29	37	3	50.4	37.6	56.8	46.8	33.5	3840000	1040000	Discovery	9.47	45.02	9	4	6	1	3.2	3.8	5.6	5.2	Industry event	CXO advisory sprint	A	0	78	9	2	2	1080100	229400	0.525	0.525	0	64	13	59.6	61.6	63.8	34.6	124	573561	2.69	Dubai Financial Market is a Dubai-based financial services corporate in the mid with moderate pressure, where a CHRO-led offer is most relevant because the account shows signals of people scaling; CFO is the strongest secondary expansion path.	DIFC	Financial district with strong executive and transformation demand.	Dubai	Dubai	UAE	25.2088	55.276450000000004
DXB016	Dubai Islamic Bank	Dubai	Banking	Tier 1	38.06	Mega	13	26591	CMO	69.1	CHRO	50	CMO lead + CHRO add-on + AI support	CFO-led governance	2400000	70	1791250	3423323	0.645	1155356	58.7	Moderate	Growth efficiency	Scale-up Pressure	CTO	Automation Scout Agent; Architecture Assistant; Incident Triage Agent	Offer pilot with AI add-ons	24.5	11.3	61	29	10	63	12.8	82	1.29	23.5	4.6	49	67.5	41	42	37	56	16	74	14	32	2	38	46.5	50	69.1	41.2	3430000	1030000	Negotiation	12.18	48.96	12	6	3	14	10.6	10.1	15.7	16.9	Industry event	Transformation workshop	C	1	78	4	1	1	1547450	243800	0.579	0.529	9.5	28	18	60.3	59.7	58.3	38.4	123	1155356	2.33	Dubai Islamic Bank is a Dubai-based banking corporate in the mega with moderate pressure, where a CMO-led offer is most relevant because the account shows signals of growth efficiency; CHRO is the strongest secondary expansion path.	DIFC	Financial district with strong executive and transformation demand.	Dubai	Dubai	UAE	25.20075	55.293600000000005
DXB017	Emirates NBD	Dubai	Banking	Tier 3	5.51	Upper-Mid	10.5	24329	CHRO	64.7	CFO	57.6	CHRO lead + CFO add-on + AI support	CFO-led governance	2800000	72.9	1406600	1731397	0.488	686421	57.6	Moderate	People scaling	Managed Complexity	CMO	Campaign Insights Agent; Content Performance Agent; Lead Funnel Agent	Share tailored problem map	38.3	6	71	49	27	78	24.7	86	0.95	-0.2	5.8	53	82.6	38	83	56	38	18	25	39	84	6	57.6	31.6	64.7	54.9	38.2	3840000	1040000	Discovery	13.91	49.4	6	2	13	7	7.6	6.4	14.2	13.6	Industry event	Cost-savings diagnostic	A	1	78	13	4	3	1221600	185000	0.686	0.636	7.9	54	12	50.8	60.2	59.1	37.1	125	686421	2.69	Emirates NBD is a Dubai-based banking corporate in the upper-mid with moderate pressure, where a CHRO-led offer is most relevant because the account shows signals of people scaling; CFO is the strongest secondary expansion path.	DIFC	Financial district with strong executive and transformation demand.	Dubai	Dubai	UAE	25.21895	55.278200000000005
DXB018	Mashreqbank	Dubai	Banking	Tier 3	7.78	Upper-Mid	13.2	12837	CHRO	71.5	CFO	65.3	CHRO lead + CFO add-on + AI support	CFO-led governance	2800000	72.9	1535650	2078712	0.467	717149	71.5	High	People scaling	Managed Complexity	COO	Workflow Monitoring Agent; SLA Alert Agent; Process Mining Agent	Book discovery call	23.2	1.9	85	44	29	91	27.6	88	3.53	18.9	12.3	72	66.8	79	73	64	41	54	92	76	78	6	65.3	49.7	71.5	49.8	54.8	3840000	1040000	Qualified	9.77	58.22	9	3	13	14	7.9	10	14.5	14.5	Founder referral	Cost-savings diagnostic	C	0	35	4	1	0	1270250	265400	0.686	0.686	0	93	12	77.8	76.5	65.2	29.5	105	466147	2.69	Mashreqbank is a Dubai-based banking corporate in the upper-mid with high pressure, where a CHRO-led offer is most relevant because the account shows signals of people scaling; CFO is the strongest secondary expansion path.	DIFC	Financial district with strong executive and transformation demand.	Dubai	Dubai	UAE	25.20425	55.285900000000005
DXB019	du	Dubai	Telecommunications	Tier 2	23.02	Large	9.7	2406	COO	58.8	CTO	57.1	COO lead + CTO add-on + AI support	CTO-led transformation	2850000	71.8	1733300	3256897	0.424	734919	61	Moderate	Operational complexity	Managed Complexity	CMO	Campaign Insights Agent; Content Performance Agent; Lead Funnel Agent	Book discovery call	24.8	7.6	65	22	21	50	14.1	37	2.05	4.5	8.1	51	72.7	72	70	90	66	85	84	47	73	4	49.6	57.1	47	53.7	58.8	3970000	1120000	Qualified	4.96	53.24	14	10	3	6	9.1	8.9	7.7	12.4	Founder referral	Cost-savings diagnostic	A	0	77	12	4	3	1477500	255800	0.64	0.64	0	76	17	71.8	68.1	61.1	34.1	143	734919	2.54	du is a Dubai-based telecommunications corporate in the large with moderate pressure, where a COO-led offer is most relevant because the account shows signals of operational complexity; CTO is the strongest secondary expansion path.	Dubai Internet City	Technology-heavy corridor where digital maturity and transformation needs are highly visible.	Dubai	Dubai	UAE	25.093400000000003	55.142999999999994
DXB020	ENOC	Dubai	Energy	Tier 1	38.41	Mega	13.7	6463	CHRO	61.1	CTO	52.3	CHRO lead + CTO add-on + AI support	CHRO-led advisory	2650000	72.2	1741450	3486726	0.396	689614	52.7	Monitor	People scaling	Scale-up Pressure	CMO	Campaign Insights Agent; Content Performance Agent; Lead Funnel Agent	Book discovery call	28.7	9.3	70	58	5	69	22.2	41	1.49	16.2	15.8	87	84.1	30	57	36	62	70	65	16	55	11	45.2	52.3	61.1	49.4	43	3670000	1020000	Qualified	7.08	50.2	5	11	13	8	14.2	14	11.7	12.4	LinkedIn outbound	Cost-savings diagnostic	C	0	12	2	1	0	1508450	233000	0.627	0.627	0	95	19	58.2	61.9	66.6	33.4	107	448249	2.6	ENOC is a Dubai-based energy corporate in the mega with monitor pressure, where a CHRO-led offer is most relevant because the account shows signals of people scaling; CTO is the strongest secondary expansion path.	Jebel Ali	Trade and industrial base where COO and CFO interventions often have strong logic.	Dubai	Dubai	UAE	24.984650000000002	55.06185
DXB021	Dubai Refreshment	Dubai	Consumer Goods	Tier 4	2.34	Mid	17.4	6050	CHRO	63.8	CFO	49.8	CHRO lead + CFO add-on + AI support	CHRO-led advisory	2800000	72.9	1321150	1396716	0.437	577343	54.1	Moderate	People scaling	Scale-up Pressure	COO	Workflow Monitoring Agent; SLA Alert Agent; Process Mining Agent	Share tailored problem map	21.2	17	63	57	31	47	11.6	91	2.81	-3	11.9	50	82.3	33	5	66	52	50	72	50	70	9	49.8	45.4	63.8	41	47.6	3840000	1040000	Discovery	8.62	49.52	1	13	5	1	14.5	19.7	15.7	18.5	LinkedIn outbound	CXO advisory sprint	B	0	94	7	3	2	1079750	241400	0.523	0.523	0	64	10	59.1	57.8	57.6	38.5	121	577343	2.69	Dubai Refreshment is a Dubai-based consumer goods corporate in the mid with moderate pressure, where a CHRO-led offer is most relevant because the account shows signals of people scaling; CFO is the strongest secondary expansion path.	Dubai Internet City	Technology-heavy corridor where digital maturity and transformation needs are highly visible.	Dubai	Dubai	UAE	25.0913	55.1395
DXB022	Union Properties	Dubai	Real Estate	Tier 1	28.27	Mega	9.4	3577	CFO	56	CMO	51.4	CFO lead + CMO add-on + AI support	COO-led transformation	2835000	70.6	2000450	3868143	0.483	966217	52.7	Monitor	Finance stress	Managed Complexity	CTO	Automation Scout Agent; Architecture Assistant; Incident Triage Agent	Share tailored problem map	22.8	0	72	71	25	34	20.5	26	2.22	18.8	12.7	73	94.3	45	72	78	63	42	80	38	56	4	56	44.6	42.8	51.4	34.4	4015000	1180000	Discovery	8.3	45.84	10	8	3	14	10.1	9.1	10.3	11.3	Partner referral	Cost-savings diagnostic	C	1	37	8	3	1	1749450	251000	0.724	0.674	7.4	63	18	63.6	67.9	67.7	31.5	109	966217	2.4	Union Properties is a Dubai-based real estate corporate in the mega with monitor pressure, where a CFO-led offer is most relevant because the account shows signals of finance stress; CMO is the strongest secondary expansion path.	Downtown Dubai	Central business location with high executive visibility and cross-functional complexity.	Dubai	Dubai	UAE	25.21435	55.28945
DXB023	Deyaar Development	Dubai	Real Estate	Tier 3	6.78	Upper-Mid	3.5	12477	CHRO	72.4	CFO	53.2	CHRO lead + CFO add-on + AI support	COO-led transformation	2800000	72.9	1478250	3001239	0.636	940167	71.9	High	People scaling	Managed Complexity	CMO	Campaign Insights Agent; Content Performance Agent; Lead Funnel Agent	Send commercial proposal	28.9	6.6	58	45	8	59	26.6	62	3.45	9.3	8	69	87.8	94	75	90	48	31	43	76	81	8	53.2	43.7	72.4	51.5	46	3840000	1040000	Proposal	11.33	53.36	9	4	4	13	0.3	3.4	5.8	5	Warm intro	Transformation workshop	B	0	18	9	3	2	1271650	206600	0.745	0.745	0	37	19	62.1	65	61.6	34.6	104	940167	2.69	Deyaar Development is a Dubai-based real estate corporate in the upper-mid with high pressure, where a CHRO-led offer is most relevant because the account shows signals of people scaling; CFO is the strongest secondary expansion path.	Downtown Dubai	Central business location with high executive visibility and cross-functional complexity.	Dubai	Dubai	UAE	25.199299999999997	55.27405
DXB024	Aramex	Dubai	Logistics	Tier 3	8.12	Upper-Mid	10.2	30631	COO	66	CHRO	60.6	COO lead + CHRO add-on + AI support	COO-led transformation	2540000	70	1536600	2370438	0.408	626933	67.2	High	Operational complexity	Managed Complexity	CFO	Board Reporting Copilot; FP&A Agent; Compliance Calendar Agent	Run diagnostic outreach	17.9	8	55	55	16	68	16.1	42	2.3	3.7	16.7	73	66	79	37	93	21	89	72	32	74	10	55.9	52.1	60.6	43.9	66	3630000	1090000	Prospect	8.4	55.7	5	7	8	8	3.3	12.6	6.7	15.2	LinkedIn outbound	Transformation workshop	B	0	3	14	3	1	1295200	241400	0.683	0.683	0	96	14	70.9	66.9	65.1	33.1	100	407506	2.33	Aramex is a Dubai-based logistics corporate in the upper-mid with high pressure, where a COO-led offer is most relevant because the account shows signals of operational complexity; CHRO is the strongest secondary expansion path.	Dubai South	Logistics and expansion corridor with execution and operating-efficiency relevance.	Dubai	Dubai	UAE	24.8877	55.1502
DXB025	Air Arabia	Dubai	Aviation	Tier 2	13	Large	18	11896	CMO	70.8	CFO	69.6	CMO lead + CFO add-on + AI support	COO-led transformation	2860000	72.6	1668350	4161333	0.55	917593	74.1	High	Growth efficiency	Managed Complexity	COO	Workflow Monitoring Agent; SLA Alert Agent; Process Mining Agent	Share tailored problem map	19.3	1.1	78	58	29	80	11.3	22	1.29	18.9	5.2	42	85.6	89	80	32	18	15	35	14	77	7	69.6	39.4	45.3	70.8	49.6	3940000	1080000	Discovery	14.4	54.94	8	3	4	4	13.6	15.4	19.1	20	Partner referral	Transformation workshop	B	1	71	10	3	1	1471350	197000	0.735	0.685	7.3	60	23	66.3	70.8	66.2	30.8	91	917593	2.65	Air Arabia is a Dubai-based aviation corporate in the large with high pressure, where a CMO-led offer is most relevant because the account shows signals of growth efficiency; CFO is the strongest secondary expansion path.	DIFC	Financial district with strong executive and transformation demand.	Dubai	Dubai	UAE	25.22175	55.291850000000004
DXB026	Amlak Finance	Dubai	Financial Services	Tier 2	12.14	Large	6.1	2261	CHRO	57.1	COO	45.2	CHRO lead + COO add-on + AI support	CFO-led governance	2570000	71.7	1495950	2415279	0.387	578933	48.5	Monitor	People scaling	Managed Complexity	CFO	Board Reporting Copilot; FP&A Agent; Compliance Calendar Agent	Book discovery call	40.9	15.8	59	53	8	92	21.4	78	3.65	-4.7	5.2	47	80.2	29	49	77	57	63	31	76	50	2	43.8	41.3	57.1	41.1	45.2	3585000	1015000	Qualified	6.6	45.7	10	4	4	7	0.8	3.2	7.8	8.2	LinkedIn outbound	Transformation workshop	C	1	21	10	3	1	1303750	192200	0.642	0.592	8.4	80	16	46.4	54.3	55.3	40.9	134	578933	2.53	Amlak Finance is a Dubai-based financial services corporate in the large with monitor pressure, where a CHRO-led offer is most relevant because the account shows signals of people scaling; COO is the strongest secondary expansion path.	DIFC	Financial district with strong executive and transformation demand.	Dubai	Dubai	UAE	25.2284	55.28275
DXB027	SHUAA Capital	Dubai	Financial Services	Tier 2	11.18	Large	5.5	1159	COO	59.4	CHRO	57.3	COO lead + CHRO add-on + AI support	CFO-led governance	2540000	70	1645800	2985444	0.443	729089	53.6	Monitor	Operational complexity	Managed Complexity	CMO	Campaign Insights Agent; Content Performance Agent; Lead Funnel Agent	Book discovery call	25.3	19.6	77	46	20	79	19.6	24	0.94	22.3	13.4	62	65.3	33	68	41	45	90	66	45	57	9	52.6	51.6	57.3	54.6	59.4	3630000	1090000	Qualified	3.24	55.1	12	7	10	7	1.9	3.4	6.1	4.7	Partner referral	Cost-savings diagnostic	C	1	3	13	5	2	1411600	234200	0.803	0.753	6.6	72	17	61.7	70.3	69.2	30.3	104	729089	2.33	SHUAA Capital is a Dubai-based financial services corporate in the large with monitor pressure, where a COO-led offer is most relevant because the account shows signals of operational complexity; CHRO is the strongest secondary expansion path.	DIFC	Financial district with strong executive and transformation demand.	Dubai	Dubai	UAE	25.1983	55.270500000000006
DXB028	Amanat Holdings	Dubai	Investment	Tier 2	11.64	Large	13.2	981	CHRO	57.1	CTO	53.3	CHRO lead + CTO add-on + AI support	CHRO-led advisory	2650000	72.2	1599650	2614882	0.481	769432	54.7	Moderate	People scaling	Managed Complexity	CFO	Board Reporting Copilot; FP&A Agent; Compliance Calendar Agent	Share tailored problem map	21.2	7.2	76	37	19	46	20.3	73	4	-1.2	10.1	76	79.1	50	15	37	88	25	91	31	24	4	38.7	53.3	57.1	38.3	35.2	3670000	1020000	Discovery	9.93	44.52	2	11	6	11	11.6	12	19	14.4	Founder referral	Cost-savings diagnostic	A	1	16	8	1	0	1335450	264200	0.692	0.642	7.8	68	15	67.7	69.8	68.3	30.3	113	769432	2.6	Amanat Holdings is a Dubai-based investment corporate in the large with moderate pressure, where a CHRO-led offer is most relevant because the account shows signals of people scaling; CTO is the strongest secondary expansion path.	Jumeirah Lakes Towers	Mixed corporate cluster with varied finance, people, and operating-model needs.	Dubai	Dubai	UAE	25.052	55.12745
DXB029	Tabreed	Dubai	Utilities	Tier 1	28.96	Mega	9.7	29172	CMO	54.5	CHRO	53.1	CMO lead + CHRO add-on + AI support	CMO-led advisory	2400000	70	1749700	3152509	0.431	754121	50.6	Monitor	Growth efficiency	Managed Complexity	COO	Workflow Monitoring Agent; SLA Alert Agent; Process Mining Agent	Share tailored problem map	34	6.8	66	49	32	48	13	64	0.92	7.4	9.6	49	82.6	37	34	66	60	69	63	60	60	8	48.2	48.7	53.1	54.5	50.8	3430000	1030000	Discovery	2.73	51.06	7	4	10	5	4.7	12.7	10.7	9.9	Industry event	Transformation workshop	A	0	43	11	2	1	1519100	230600	0.542	0.542	0	62	17	59.8	59.4	57.9	38.6	110	754121	2.33	Tabreed is a Dubai-based utilities corporate in the mega with monitor pressure, where a CMO-led offer is most relevant because the account shows signals of growth efficiency; CHRO is the strongest secondary expansion path.	Dubai Internet City	Technology-heavy corridor where digital maturity and transformation needs are highly visible.	Dubai	Dubai	UAE	25.098300000000002	55.171699999999994
DXB030	Gulf Navigation Holding	Dubai	Logistics	Tier 2	16.28	Large	13	12038	CHRO	55.7	CTO	55	CHRO lead + CTO add-on + AI support	COO-led transformation	2650000	72.2	1556900	2813153	0.392	610305	56.2	Moderate	People scaling	Scale-up Pressure	CMO	Campaign Insights Agent; Content Performance Agent; Lead Funnel Agent	Book discovery call	16.1	11.8	67	48	32	49	22.2	58	3.81	23.5	10.1	73	90.8	59	25	50	55	86	51	48	20	2	49.7	55	55.7	53.4	43.8	3670000	1020000	Qualified	4.9	51.52	4	6	1	10	9.8	11.3	13.1	18.5	Industry event	CXO advisory sprint	A	0	92	13	5	3	1340700	216200	0.569	0.569	0	72	17	60.6	60.8	60.5	36.5	114	610305	2.6	Gulf Navigation Holding is a Dubai-based logistics corporate in the large with moderate pressure, where a CHRO-led offer is most relevant because the account shows signals of people scaling; CTO is the strongest secondary expansion path.	Dubai South	Logistics and expansion corridor with execution and operating-efficiency relevance.	Dubai	Dubai	UAE	24.8814	55.1642
DXB031	Drake & Scull International	Dubai	Construction	Tier 4	1.95	Mid	11.5	2538	CHRO	61.6	CMO	58	CHRO lead + CMO add-on + AI support	COO-led transformation	2415000	70.7	1280400	2329212	0.41	524964	58	Moderate	People scaling	Transformation Gap	COO	Workflow Monitoring Agent; SLA Alert Agent; Process Mining Agent	Book discovery call	6.7	4	44	61	25	36	22.3	43	0.85	20.5	15.7	57	67.5	48	24	68	66	31	60	38	54	11	52.6	48.5	61.6	58	53.3	3415000	1000000	Qualified	5.08	54.8	5	1	2	12	8.9	13.1	12.6	12.3	Partner referral	Transformation workshop	B	1	57	1	0	0	1053400	227000	0.62	0.57	8.8	99	17	62.5	58.6	53.6	40.6	140	341227	2.42	Drake & Scull International is a Dubai-based construction corporate in the mid with moderate pressure, where a CHRO-led offer is most relevant because the account shows signals of people scaling; CMO is the strongest secondary expansion path.	Business Bay	Dense commercial zone suited to growth, finance, and operating-model interventions.	Dubai	Dubai	UAE	25.16885	55.287600000000005
DXB032	Majid Al Futtaim	Dubai	Retail	Tier 1	27.88	Mega	15.4	50433	CMO	61	CHRO	59.6	CMO lead + CHRO add-on + AI support	CMO-led growth	2400000	70	1735950	3433236	0.666	1156143	54.9	Moderate	Growth efficiency	Scale-up Pressure	CFO	Board Reporting Copilot; FP&A Agent; Compliance Calendar Agent	Offer pilot with AI add-ons	10.4	15.9	67	55	31	32	8.2	74	1.51	10.8	4.6	77	92.1	32	81	93	86	57	39	75	75	11	59.5	41.8	59.6	61	39.4	3430000	1030000	Negotiation	10.69	52.26	1	1	4	3	10.8	13.5	14.4	17.1	Founder referral	Cost-savings diagnostic	A	1	42	15	4	3	1534150	201800	0.709	0.659	7.6	7	19	54.8	62.1	73.4	30.8	129	1156143	2.33	Majid Al Futtaim is a Dubai-based retail corporate in the mega with moderate pressure, where a CMO-led offer is most relevant because the account shows signals of growth efficiency; CHRO is the strongest secondary expansion path.	Business Bay	Dense commercial zone suited to growth, finance, and operating-model interventions.	Dubai	Dubai	UAE	25.1762	55.26345
DXB033	Landmark Group	Dubai	Retail	Tier 3	4.82	Upper-Mid	10.2	22365	CMO	70.7	CTO	58.1	CMO lead + CTO add-on + AI support	CMO-led growth	2710000	71.9	1497800	1928758	0.577	864231	60.8	Moderate	Growth efficiency	Managed Complexity	CHRO	Talent Screening Agent; HR Policy Q&A Agent; Workforce Analytics Agent	Send commercial proposal	11.3	17.1	47	29	17	34	11.3	61	1.42	23	2.7	73	72.5	37	21	61	89	60	75	48	19	1	35.9	58.1	44.7	70.7	40.5	3770000	1060000	Proposal	14.24	49.98	6	8	6	11	5.2	10.2	8.2	13.8	Industry event	CXO advisory sprint	C	1	52	13	2	1	1252800	245000	0.643	0.593	8.4	34	12	63.3	60.3	64.5	34.9	106	864231	2.56	Landmark Group is a Dubai-based retail corporate in the upper-mid with moderate pressure, where a CMO-led offer is most relevant because the account shows signals of growth efficiency; CTO is the strongest secondary expansion path.	Business Bay	Dense commercial zone suited to growth, finance, and operating-model interventions.	Dubai	Dubai	UAE	25.1769	55.27535
DXB034	Al Futtaim Group	Dubai	Conglomerate	Tier 2	19.16	Large	17.5	39819	CFO	55.1	CHRO	50.8	CFO lead + CHRO add-on + AI support	CFO-led advisory	2760000	70.2	1730700	3660693	0.468	809968	54.2	Moderate	Finance stress	Scale-up Pressure	COO	Workflow Monitoring Agent; SLA Alert Agent; Process Mining Agent	Share tailored problem map	22.2	16.1	67	60	22	65	14.1	24	2.63	4.8	15.5	58	89.7	56	62	84	44	53	55	80	39	7	55.1	42.1	50.8	43.3	45.7	3930000	1170000	Discovery	5.45	47.4	2	14	4	8	14.7	17.9	18.3	20.1	Warm intro	Cost-savings diagnostic	A	0	53	9	2	2	1509700	221000	0.647	0.647	0	64	20	59.2	62.4	63.5	35.2	132	809968	2.36	Al Futtaim Group is a Dubai-based conglomerate corporate in the large with moderate pressure, where a CFO-led offer is most relevant because the account shows signals of finance stress; CHRO is the strongest secondary expansion path.	DIFC	Financial district with strong executive and transformation demand.	Dubai	Dubai	UAE	25.20075	55.269800000000004
DXB035	Chalhoub Group	Dubai	Retail	Tier 2	23.96	Large	8.4	55346	CMO	54.9	CHRO	51.7	CMO lead + CHRO add-on + AI support	CMO-led growth	2400000	70	1513350	2767367	0.375	567506	47.3	Monitor	Growth efficiency	Managed Complexity	CFO	Board Reporting Copilot; FP&A Agent; Compliance Calendar Agent	Book discovery call	12.5	1.5	62	28	33	32	21.9	95	1.4	4.8	5.1	54	95.4	21	62	58	48	38	34	56	58	1	48.7	37	51.7	54.9	27.5	3430000	1030000	Qualified	11.42	43.96	13	9	6	3	7.3	8.5	10.5	7.5	Partner referral	Transformation workshop	B	0	18	10	3	2	1317550	195800	0.61	0.61	0	80	18	48.2	54.8	56.3	40.7	127	567506	2.33	Chalhoub Group is a Dubai-based retail corporate in the large with monitor pressure, where a CMO-led offer is most relevant because the account shows signals of growth efficiency; CHRO is the strongest secondary expansion path.	Business Bay	Dense commercial zone suited to growth, finance, and operating-model interventions.	Dubai	Dubai	UAE	25.1727	55.287600000000005
DXB036	Al Tayer Group	Dubai	Retail	Tier 3	8.51	Upper-Mid	14.2	46806	CHRO	80.4	CFO	63.1	CHRO lead + CFO add-on + AI support	CMO-led growth	2800000	72.9	1528500	2873059	0.816	1247256	77	High	People scaling	Digitally Mature	COO	Workflow Monitoring Agent; SLA Alert Agent; Process Mining Agent	Convert pilot to annual retainer	14	13.9	77	59	33	35	27.9	83	3.25	24.8	14.5	65	66.1	85	47	76	76	48	70	53	87	8	63.1	51.5	80.4	53.1	59.5	3840000	1040000	Pilot	11.56	61.52	8	1	13	1	9.9	14.7	13.8	16.8	Founder referral	CXO advisory sprint	A	1	8	12	3	2	1289500	239000	0.79	0.74	6.8	7	17	71.9	75.1	65.4	29.8	91	1247256	2.69	Al Tayer Group is a Dubai-based retail corporate in the upper-mid with high pressure, where a CHRO-led offer is most relevant because the account shows signals of people scaling; CFO is the strongest secondary expansion path.	Business Bay	Dense commercial zone suited to growth, finance, and operating-model interventions.	Dubai	Dubai	UAE	25.16955	55.258900000000004
DXB037	Noon	Dubai	E-Commerce	Tier 2	11.66	Large	29.7	9946	CHRO	47.3	CFO	44.6	CHRO lead + CFO add-on + AI support	CMO-led growth	2800000	72.9	1571700	3005876	0.468	735556	48.2	Monitor	People scaling	Scale-up Pressure	CTO	Automation Scout Agent; Architecture Assistant; Incident Triage Agent	Share tailored problem map	-0.1	26.5	90	66	3	31	6.9	29	3.24	12.7	17.8	84	97.2	55	25	56	23	76	70	16	33	7	44.6	44.4	47.3	43.6	41.1	3840000	1040000	Discovery	2.22	44.2	6	9	7	13	25	27.3	31.4	32.4	Warm intro	Transformation workshop	A	1	17	10	4	3	1332700	239000	0.717	0.667	7.5	58	18	60.5	69.8	80.6	24.6	117	735556	2.69	Noon is a Dubai-based e-commerce corporate in the large with monitor pressure, where a CHRO-led offer is most relevant because the account shows signals of people scaling; CFO is the strongest secondary expansion path.	DIFC	Financial district with strong executive and transformation demand.	Dubai	Dubai	UAE	25.19865	55.266650000000006
DXB038	Careem	Dubai	Mobility	Tier 3	8.16	Upper-Mid	22.6	2526	CHRO	63.1	CMO	53.5	CHRO lead + CMO add-on + AI support	CMO-led growth	2415000	70.7	1394950	1758905	0.536	747693	63.3	Moderate	People scaling	Scale-up Pressure	CTO	Automation Scout Agent; Architecture Assistant; Incident Triage Agent	Share tailored problem map	10.8	11.7	69	78	14	23	20.9	28	3.03	21.8	15.8	78	90.8	76	36	33	83	33	32	58	34	10	51.3	51.8	63.1	53.5	43.9	3415000	1000000	Discovery	6.87	52.72	4	2	9	13	19.3	24.5	21.9	23.8	LinkedIn outbound	Cost-savings diagnostic	B	1	8	15	5	4	1201550	193400	0.807	0.757	6.6	50	12	57.4	66.7	71.1	30.3	125	747693	2.42	Careem is a Dubai-based mobility corporate in the upper-mid with moderate pressure, where a CHRO-led offer is most relevant because the account shows signals of people scaling; CMO is the strongest secondary expansion path.	Dubai Silicon Oasis	Innovation-oriented area with scaling, systems, and process design needs.	Dubai	Dubai	UAE	25.11975	55.36575
DXB039	Property Finder	Dubai	PropTech	Tier 4	0.22	Mid	17.8	1951	CFO	51.3	CHRO	49.5	CFO lead + CHRO add-on + AI support	CTO-led transformation	2760000	70.2	1380100	2180715	0.624	861182	49	Monitor	Finance stress	Scale-up Pressure	CMO	Campaign Insights Agent; Content Performance Agent; Lead Funnel Agent	Offer pilot with AI add-ons	16.2	14.6	78	51	21	42	11.2	71	3.5	8.1	15.7	87	83.3	42	42	55	26	36	63	79	80	3	51.3	37.5	49.5	38.8	31.8	3930000	1170000	Negotiation	8.32	41.78	14	10	12	1	15.4	18.8	20.7	20.1	Founder referral	Cost-savings diagnostic	B	1	70	10	2	2	1149500	230600	0.613	0.563	8.9	18	15	58.1	63	73.2	30.6	89	861182	2.36	Property Finder is a Dubai-based proptech corporate in the mid with monitor pressure, where a CFO-led offer is most relevant because the account shows signals of finance stress; CHRO is the strongest secondary expansion path.	Dubai South	Logistics and expansion corridor with execution and operating-efficiency relevance.	Dubai	Dubai	UAE	24.902749999999997	55.153
DXB040	Bayut & dubizzle	Dubai	PropTech	Tier 4	0.52	Mid	14.2	1602	CMO	55.7	CHRO	52.2	CMO lead + CHRO add-on + AI support	CTO-led transformation	2400000	70	1275450	2023328	0.395	503803	56.7	Moderate	Growth efficiency	Digitally Mature	CFO	Board Reporting Copilot; FP&A Agent; Compliance Calendar Agent	Book discovery call	16.9	32	96	48	27	26	9	51	2.55	28.9	13.2	78	76.1	65	46	88	33	53	49	20	25	5	47.9	33.9	52.2	55.7	46	3430000	1030000	Qualified	8.31	47.14	8	7	3	8	10	11.8	14.6	15.9	Founder referral	Transformation workshop	A	1	58	1	0	0	1061650	213800	0.576	0.526	9.5	99	15	59.2	66.1	74.4	29.2	125	327472	2.33	Bayut & dubizzle is a Dubai-based proptech corporate in the mid with moderate pressure, where a CMO-led offer is most relevant because the account shows signals of growth efficiency; CHRO is the strongest secondary expansion path.	Business Bay	Dense commercial zone suited to growth, finance, and operating-model interventions.	Dubai	Dubai	UAE	25.1741	55.26415
DXB041	Kibsons	Dubai	Retail	Tier 4	2.81	Mid	6.2	20665	CHRO	77.9	COO	67.5	CHRO lead + COO add-on + AI support	CMO-led growth	2510000	70	1386150	2425342	0.643	891294	77.3	High	People scaling	Managed Complexity	CTO; CFO	Automation Scout Agent; Architecture Assistant; Incident Triage Agent; Board Reporting Copilot; FP&A Agent; Compliance Calendar Agent	Send commercial proposal	7.2	14.2	59	59	16	30	29.1	57	3.36	11.3	6.6	59	70.5	88	51	50	82	84	46	51	88	9	58.2	64.1	77.9	54.7	67.5	3585000	1075000	Proposal	9.01	64.48	14	6	3	2	2.5	6.2	7.2	5.3	Partner referral	CXO advisory sprint	C	1	70	5	1	0	1130950	255200	0.707	0.657	7.6	46	16	68.7	67.4	56.7	36.8	111	891294	2.33	Kibsons is a Dubai-based retail corporate in the mid with high pressure, where a CHRO-led offer is most relevant because the account shows signals of people scaling; COO is the strongest secondary expansion path.	Business Bay	Dense commercial zone suited to growth, finance, and operating-model interventions.	Dubai	Dubai	UAE	25.2021	55.258900000000004
DXB042	PureHealth	Dubai	Healthcare	Tier 2	13.32	Large	13.1	22394	CHRO	65.9	CMO	51.1	CHRO lead + CMO add-on + AI support	CHRO-led scaleup	2415000	70.7	1538000	2566130	0.426	655188	59.6	Moderate	People scaling	Managed Complexity	CFO	Board Reporting Copilot; FP&A Agent; Compliance Calendar Agent	Book discovery call	16.2	7.1	55	30	13	51	14.2	92	2.71	19.3	14.5	73	79.1	53	83	93	60	66	42	73	66	10	49.4	45.7	65.9	51.1	48.9	3415000	1000000	Qualified	7.9	52.2	10	3	6	1	9.6	10	14.5	13.6	Warm intro	Transformation workshop	C	0	34	9	3	1	1332600	205400	0.664	0.664	0	82	16	55.3	58.6	65.4	35.3	120	655188	2.42	PureHealth is a Dubai-based healthcare corporate in the large with moderate pressure, where a CHRO-led offer is most relevant because the account shows signals of people scaling; CMO is the strongest secondary expansion path.	Business Bay	Dense commercial zone suited to growth, finance, and operating-model interventions.	Dubai	Dubai	UAE	25.1874	55.2561
DXB043	Aster DM Healthcare	Dubai	Healthcare	Tier 2	17.5	Large	6.6	9122	CMO	69.6	CFO	54.1	CMO lead + CFO add-on + AI support	CHRO-led scaleup	2860000	72.6	1616000	3331164	0.432	698112	56.4	Moderate	Growth efficiency	Transformation Gap	CTO	Automation Scout Agent; Architecture Assistant; Incident Triage Agent	Book discovery call	19.9	14.4	51	34	27	87	17.5	64	0.92	24.7	3.6	56	70.9	23	52	34	88	50	43	50	74	4	54.1	53	52.3	69.6	43.6	3940000	1080000	Qualified	9.41	54.52	14	3	9	1	1.2	5.8	4.2	8.1	Warm intro	Cost-savings diagnostic	A	1	49	10	2	2	1409400	206600	0.729	0.679	7.4	83	20	52.1	58.1	61	37	123	698112	2.65	Aster DM Healthcare is a Dubai-based healthcare corporate in the large with moderate pressure, where a CMO-led offer is most relevant because the account shows signals of growth efficiency; CFO is the strongest secondary expansion path.	Business Bay	Dense commercial zone suited to growth, finance, and operating-model interventions.	Dubai	Dubai	UAE	25.17655	55.27745
DXB044	Mediclinic Middle East	Dubai	Healthcare	Tier 4	1.88	Mid	5.6	20482	CHRO	58.9	COO	58.8	CHRO lead + COO add-on + AI support	CHRO-led scaleup	2570000	71.7	1272150	1890974	0.613	779828	64.1	Moderate	People scaling	Managed Complexity	CMO	Campaign Insights Agent; Content Performance Agent; Lead Funnel Agent	Send commercial proposal	17.4	15.4	49	39	33	54	16.7	48	2.22	-5.9	3.8	62	62	85	14	62	37	52	27	35	47	5	52.5	48.7	58.9	54.5	58.8	3585000	1015000	Proposal	4.34	54.68	13	5	7	14	2.2	2.3	5.3	6.1	Partner referral	Cost-savings diagnostic	A	0	30	11	4	2	1084750	187400	0.745	0.745	0	32	14	60.3	62.3	63	35	135	779828	2.53	Mediclinic Middle East is a Dubai-based healthcare corporate in the mid with moderate pressure, where a CHRO-led offer is most relevant because the account shows signals of people scaling; COO is the strongest secondary expansion path.	Business Bay	Dense commercial zone suited to growth, finance, and operating-model interventions.	Dubai	Dubai	UAE	25.2028	55.27675
DXB045	Emirates Global Aluminium	Dubai	Industrials	Tier 2	20.47	Large	12.9	5197	CMO	71.5	CHRO	58.4	CMO lead + CHRO add-on + AI support	CMO-led advisory	2400000	70	1590550	3033251	0.448	712566	64.9	Moderate	Growth efficiency	Managed Complexity	CFO	Board Reporting Copilot; FP&A Agent; Compliance Calendar Agent	Book discovery call	12.9	3.1	48	64	29	47	11	71	1.92	23.8	2.8	61	87.6	55	20	39	61	25	47	20	19	11	51.5	49.7	58.4	71.5	43.7	3430000	1030000	Qualified	10.63	54.96	11	7	2	8	8.7	13.3	16.2	15.3	Warm intro	Transformation workshop	C	0	60	12	5	4	1379150	211400	0.69	0.69	0	73	18	59.7	60.2	63.5	35.9	140	712566	2.33	Emirates Global Aluminium is a Dubai-based industrials corporate in the large with moderate pressure, where a CMO-led offer is most relevant because the account shows signals of growth efficiency; CHRO is the strongest secondary expansion path.	Downtown Dubai	Central business location with high executive visibility and cross-functional complexity.	Dubai	Dubai	UAE	25.2056	55.27055
DXB046	NMDC Group	Dubai	Industrials	Tier 4	1.03	Mid	4.4	3748	CHRO	69.1	COO	65.2	CHRO lead + COO add-on + AI support	CHRO-led advisory	2570000	71.7	1306350	2103520	0.547	714573	67.7	High	People scaling	Managed Complexity	CTO	Automation Scout Agent; Architecture Assistant; Incident Triage Agent	Share tailored problem map	9.5	11	41	48	5	37	19	63	3.69	-5.8	15.7	63	67.9	67	79	79	89	87	45	29	35	11	47.7	61.7	69.1	32.9	65.2	3585000	1015000	Discovery	14.91	55.32	5	8	9	14	4.9	9.3	4.5	7.6	Warm intro	Transformation workshop	B	1	18	9	4	3	1097350	209000	0.8	0.75	6.7	59	15	63.4	63.9	62.4	34.8	124	714573	2.53	NMDC Group is a Dubai-based industrials corporate in the mid with high pressure, where a CHRO-led offer is most relevant because the account shows signals of people scaling; COO is the strongest secondary expansion path.	Jumeirah Lakes Towers	Mixed corporate cluster with varied finance, people, and operating-model needs.	Dubai	Dubai	UAE	25.0793	55.1257
DXB047	ADNOC Distribution	Dubai	Energy	Tier 1	32.9	Mega	10.1	3145	CHRO	64.6	CMO	54.5	CHRO lead + CMO add-on + AI support	CHRO-led advisory	2415000	70.7	1737500	2765192	0.465	807938	54.2	Moderate	People scaling	Managed Complexity	CFO	Board Reporting Copilot; FP&A Agent; Compliance Calendar Agent	Share tailored problem map	35.7	15.7	58	33	19	54	19.2	80	1.54	7.2	7.1	83	63.1	25	66	52	45	16	74	22	65	8	43	40.7	64.6	54.5	37.2	3415000	1000000	Discovery	11.32	48	11	10	13	11	6	12	12.6	12.1	Industry event	Cost-savings diagnostic	A	0	9	2	1	1	1493700	243800	0.633	0.633	0	75	15	60.1	60.6	64.9	34.9	133	807938	2.42	ADNOC Distribution is a Dubai-based energy corporate in the mega with moderate pressure, where a CHRO-led offer is most relevant because the account shows signals of people scaling; CMO is the strongest secondary expansion path.	Jebel Ali	Trade and industrial base where COO and CFO interventions often have strong logic.	Dubai	Dubai	UAE	24.989900000000002	55.08075
DXB048	ADNOC Logistics & Services	Dubai	Logistics	Tier 1	32.74	Mega	12.3	8143	COO	56.7	CHRO	55.7	COO lead + CHRO add-on + AI support	COO-led transformation	2540000	70	1818250	3406739	0.349	634569	49.1	Monitor	Operational complexity	Digitally Mature	CFO	Board Reporting Copilot; FP&A Agent; Compliance Calendar Agent	Book discovery call	13.1	11.1	80	38	27	40	21.2	30	1.39	10.2	17.9	50	62.6	20	50	93	59	67	52	19	59	10	48.1	36.7	55.7	41.7	56.7	3630000	1090000	Qualified	8.69	47.78	5	14	8	11	10.3	12.8	13.9	13.2	Industry event	Transformation workshop	A	0	72	5	1	0	1600850	217400	0.483	0.483	0	92	18	54.8	57.9	54.8	40.5	155	412470	2.33	ADNOC Logistics & Services is a Dubai-based logistics corporate in the mega with monitor pressure, where a COO-led offer is most relevant because the account shows signals of operational complexity; CHRO is the strongest secondary expansion path.	Dubai South	Logistics and expansion corridor with execution and operating-efficiency relevance.	Dubai	Dubai	UAE	24.9115	55.15475
DXB049	ADNOC Gas	Dubai	Energy	Tier 1	61.87	Mega	9	5923	CTO	49.7	CHRO	46	CTO lead + CHRO add-on + AI support	CTO-led advisory	2620000	70.2	1848100	3776004	0.522	964708	46.2	Monitor	Tech modernization	Managed Complexity	CFO	Board Reporting Copilot; FP&A Agent; Compliance Calendar Agent	Send commercial proposal	28.1	-1.8	55	45	7	67	20.6	42	3.64	-5.4	11.5	49	93.5	37	74	46	62	62	37	53	55	5	45.7	49.7	46	35.4	41.8	3730000	1110000	Proposal	5.43	43.72	13	1	13	2	6.8	6.2	5.7	12.8	Warm intro	CXO advisory sprint	C	0	22	9	2	1	1648700	199400	0.598	0.598	0	39	20	49.7	53.8	53.9	42.1	135	964708	2.36	ADNOC Gas is a Dubai-based energy corporate in the mega with monitor pressure, where a CTO-led offer is most relevant because the account shows signals of tech modernization; CHRO is the strongest secondary expansion path.	Jebel Ali	Trade and industrial base where COO and CFO interventions often have strong logic.	Dubai	Dubai	UAE	24.983600000000003	55.0587
DXB050	TAQA	Dubai	Utilities	Tier 1	44.69	Mega	11	8762	CHRO	54.8	CMO	45.3	CHRO lead + CMO add-on + AI support	CHRO-led advisory	2415000	70.7	1691550	2619980	0.426	720600	46.9	Monitor	People scaling	Managed Complexity	CFO	Board Reporting Copilot; FP&A Agent; Compliance Calendar Agent	Share tailored problem map	32.5	17.7	75	25	31	56	6.3	59	3.51	10.6	8.5	88	94	27	59	55	29	67	57	21	43	11	44.3	41.1	54.8	45.3	34.6	3415000	1000000	Discovery	7.33	44.02	5	14	6	7	5.5	10.8	12.3	12.7	Industry event	Cost-savings diagnostic	C	1	89	5	1	1	1468150	223400	0.564	0.514	9.7	72	15	52.6	58.2	73.6	31.7	113	720600	2.42	TAQA is a Dubai-based utilities corporate in the mega with monitor pressure, where a CHRO-led offer is most relevant because the account shows signals of people scaling; CMO is the strongest secondary expansion path.	Dubai Internet City	Technology-heavy corridor where digital maturity and transformation needs are highly visible.	Dubai	Dubai	UAE	25.086750000000002	55.16715
DXB051	First Abu Dhabi Bank	Dubai	Banking	Tier 2	11.39	Large	6.2	29525	CHRO	73.5	CFO	55.7	CHRO lead + CFO add-on + AI support	CFO-led governance	2800000	72.9	1656700	4533961	0.511	846574	69.4	High	People scaling	Managed Complexity	CMO	Campaign Insights Agent; Content Performance Agent; Lead Funnel Agent	Share tailored problem map	42.6	4	85	28	32	76	25.3	75	2.09	10.5	13.9	74	90.2	75	83	66	49	23	79	80	68	10	55.7	42.5	73.5	46.9	38.9	3840000	1040000	Discovery	13.81	51.5	2	8	6	8	0.5	7.6	4.2	8.3	LinkedIn outbound	CXO advisory sprint	B	0	29	8	1	0	1406900	249800	0.634	0.634	0	68	25	69	70.5	65	31.4	116	846574	2.69	First Abu Dhabi Bank is a Dubai-based banking corporate in the large with high pressure, where a CHRO-led offer is most relevant because the account shows signals of people scaling; CFO is the strongest secondary expansion path.	DIFC	Financial district with strong executive and transformation demand.	Dubai	Dubai	UAE	25.205299999999998	55.290800000000004
DXB052	Abu Dhabi Commercial Bank	Dubai	Banking	Tier 1	40.51	Mega	5.1	13613	CHRO	55.1	CFO	54.8	CHRO lead + CFO add-on + AI support	CFO-led governance	2800000	72.9	1777200	3453423	0.444	789077	57.2	Moderate	People scaling	Managed Complexity	COO	Workflow Monitoring Agent; SLA Alert Agent; Process Mining Agent	Book discovery call	26.9	0.4	80	24	35	95	21.8	48	3.82	6.6	7.1	59	82.9	66	36	56	18	61	65	82	54	6	54.8	44.1	55.1	45.2	48.2	3840000	1040000	Qualified	5.22	49.48	2	2	5	9	1.1	3.9	5.6	5.3	Warm intro	Cost-savings diagnostic	A	1	36	14	3	2	1544200	233000	0.767	0.717	7	76	18	65	71.5	66.7	30.3	116	789077	2.69	Abu Dhabi Commercial Bank is a Dubai-based banking corporate in the mega with moderate pressure, where a CHRO-led offer is most relevant because the account shows signals of people scaling; CFO is the strongest secondary expansion path.	DIFC	Financial district with strong executive and transformation demand.	Dubai	Dubai	UAE	25.219649999999998	55.27015
DXB053	Abu Dhabi Islamic Bank	Dubai	Banking	Tier 2	12.25	Large	8.1	23344	CHRO	63.1	CTO	56.9	CHRO lead + CTO add-on + AI support	CFO-led governance	2650000	72.2	1599950	2606282	0.5	799975	66.1	High	People scaling	Managed Complexity	COO	Workflow Monitoring Agent; SLA Alert Agent; Process Mining Agent	Share tailored problem map	31.5	3.1	63	27	6	85	27	45	1.63	-2.8	14.1	71	72	86	44	42	88	29	58	50	22	6	41	56.9	63.1	45.6	47.6	3670000	1020000	Discovery	8.97	50.84	7	13	8	2	6.6	7.4	7.4	9.2	Founder referral	Cost-savings diagnostic	C	0	73	4	2	1	1375350	224600	0.632	0.632	0	70	15	66.7	64.9	59	35.9	117	799975	2.6	Abu Dhabi Islamic Bank is a Dubai-based banking corporate in the large with high pressure, where a CHRO-led offer is most relevant because the account shows signals of people scaling; CTO is the strongest secondary expansion path.	DIFC	Financial district with strong executive and transformation demand.	Dubai	Dubai	UAE	25.2165	55.280300000000004
DXB054	International Holding Company	Dubai	Conglomerate	Tier 2	20.01	Large	4.7	8109	CFO	59.5	CMO	51.4	CFO lead + CMO add-on + AI support	CFO-led advisory	2835000	70.6	1795400	2927726	0.505	906677	63.2	Moderate	Finance stress	Digitally Mature	CTO	Automation Scout Agent; Architecture Assistant; Incident Triage Agent	Share tailored problem map	19.7	15.7	76	55	30	54	11.6	28	1.8	18.5	16	80	97.4	88	55	92	43	88	66	15	47	2	59.5	51.3	45.8	51.4	45.4	4015000	1180000	Discovery	5.71	50.68	10	12	9	1	0.4	0.3	4.7	7.9	Industry event	Transformation workshop	B	1	37	14	3	2	1561200	234200	0.686	0.636	7.9	56	15	67	69.3	73.4	28.5	107	906677	2.4	International Holding Company is a Dubai-based conglomerate corporate in the large with moderate pressure, where a CFO-led offer is most relevant because the account shows signals of finance stress; CMO is the strongest secondary expansion path.	Business Bay	Dense commercial zone suited to growth, finance, and operating-model interventions.	Dubai	Dubai	UAE	25.19195	55.26205
DXB055	Alpha Dhabi	Dubai	Conglomerate	Tier 2	22.44	Large	12.8	57521	CMO	61.9	CHRO	55.6	CMO lead + CHRO add-on + AI support	CMO-led advisory	2400000	70	1565550	2478194	0.525	821914	62.9	Moderate	Growth efficiency	Scale-up Pressure	COO	Workflow Monitoring Agent; SLA Alert Agent; Process Mining Agent	Share tailored problem map	13.6	14.8	73	45	19	56	11.6	32	1.35	21.3	11.3	68	72.7	75	75	53	78	46	32	69	20	9	53.1	49.2	55.6	61.9	53.3	3430000	1030000	Discovery	4.67	54.62	5	5	2	9	8.4	10.1	12.7	15.6	Warm intro	CXO advisory sprint	A	1	21	15	4	2	1372150	193400	0.77	0.72	6.9	52	15	58.6	67	72.8	29.6	139	821914	2.33	Alpha Dhabi is a Dubai-based conglomerate corporate in the large with moderate pressure, where a CMO-led offer is most relevant because the account shows signals of growth efficiency; CHRO is the strongest secondary expansion path.	Downtown Dubai	Central business location with high executive visibility and cross-functional complexity.	Dubai	Dubai	UAE	25.19125	55.2842
DXB056	Modon Holding	Dubai	Real Estate	Tier 3	8.43	Upper-Mid	17	5584	CMO	59.6	CFO	50.5	CMO lead + CFO add-on + AI support	COO-led transformation	2860000	72.6	1499400	1768042	0.586	878648	60	Moderate	Growth efficiency	Managed Complexity	CHRO	Talent Screening Agent; HR Policy Q&A Agent; Workforce Analytics Agent	Send commercial proposal	14.2	-0.5	71	55	8	40	9.9	84	2.21	8.4	5.9	80	92.6	73	52	85	71	48	62	51	69	3	50.5	47.7	48.3	59.6	37.6	3940000	1080000	Proposal	7.85	48.74	12	3	14	2	7.6	12.3	17.4	18.2	Partner referral	Transformation workshop	C	1	29	3	1	1	1270000	229400	0.686	0.636	7.9	49	11	63	66.3	73.3	29	111	878648	2.65	Modon Holding is a Dubai-based real estate corporate in the upper-mid with moderate pressure, where a CMO-led offer is most relevant because the account shows signals of growth efficiency; CFO is the strongest secondary expansion path.	Downtown Dubai	Central business location with high executive visibility and cross-functional complexity.	Dubai	Dubai	UAE	25.207349999999998	55.2765
DXB057	Aldar Properties	Dubai	Real Estate	Tier 3	9.7	Upper-Mid	3.7	2190	CHRO	57.6	CMO	51.1	CHRO lead + CMO add-on + AI support	COO-led transformation	2415000	70.7	1353050	1937322	0.435	588577	50.3	Monitor	People scaling	Managed Complexity	CTO	Automation Scout Agent; Architecture Assistant; Incident Triage Agent	Share tailored problem map	28.9	16.4	71	53	11	50	17.7	57	2.62	7.9	4.1	54	96.3	29	12	60	78	95	35	22	44	7	37.2	50.8	57.6	51.1	46.7	3415000	1000000	Discovery	7.51	48.68	4	5	3	14	-0.2	6.5	2.9	5.2	Industry event	Transformation workshop	C	0	74	14	5	2	1156050	197000	0.56	0.56	0	51	14	50	56	58.4	39.2	120	588577	2.42	Aldar Properties is a Dubai-based real estate corporate in the upper-mid with monitor pressure, where a CHRO-led offer is most relevant because the account shows signals of people scaling; CMO is the strongest secondary expansion path.	Downtown Dubai	Central business location with high executive visibility and cross-functional complexity.	Dubai	Dubai	UAE	25.214	55.26705
DXB058	Agthia Group	Dubai	Consumer Goods	Tier 3	3.13	Upper-Mid	6.8	5693	CHRO	75.6	CMO	63.1	CHRO lead + CMO add-on + AI support	CHRO-led advisory	2415000	70.7	1502000	3546085	0.514	772028	76.4	High	People scaling	Managed Complexity	CFO	Board Reporting Copilot; FP&A Agent; Compliance Calendar Agent	Book discovery call	10.4	20.1	51	28	31	31	16.2	66	2.16	11	5	83	91.5	95	72	77	44	51	83	21	77	11	58.8	56.1	75.6	63.1	46.2	3415000	1000000	Qualified	10.72	59.96	7	12	8	5	4.5	6.7	4.4	8.6	Industry event	Cost-savings diagnostic	A	1	19	12	3	2	1247400	254600	0.817	0.767	6.5	78	21	76.8	73.1	71.4	28.3	73	772028	2.42	Agthia Group is a Dubai-based consumer goods corporate in the upper-mid with high pressure, where a CHRO-led offer is most relevant because the account shows signals of people scaling; CMO is the strongest secondary expansion path.	Al Quoz	Operational and industrial location where delivery efficiency and cost control matter.	Dubai	Dubai	UAE	25.1268	55.2306
DXB059	RAK Ceramics	Dubai	Industrials	Tier 3	9.4	Upper-Mid	2.7	1896	CFO	46	CHRO	44.7	CFO lead + CHRO add-on + AI support	CFO-led advisory	2760000	70.2	1499150	2142535	0.281	421261	40.5	Monitor	Finance stress	Managed Complexity	CTO	Automation Scout Agent; Architecture Assistant; Incident Triage Agent	Run diagnostic outreach	14.1	11.1	65	32	22	58	10.7	80	3.94	8	12.2	74	97.8	20	28	47	81	26	52	45	75	2	46	43.3	44.7	35.4	20.2	3930000	1170000	Prospect	10.73	37.92	5	13	5	13	0.7	3.1	0.9	2.6	LinkedIn outbound	Transformation workshop	B	0	45	6	2	2	1281750	217400	0.495	0.495	0	108	14	49.5	52.6	63.5	38.1	145	273820	2.36	RAK Ceramics is a Dubai-based industrials corporate in the upper-mid with monitor pressure, where a CFO-led offer is most relevant because the account shows signals of finance stress; CHRO is the strongest secondary expansion path.	Business Bay	Dense commercial zone suited to growth, finance, and operating-model interventions.	Dubai	Dubai	UAE	25.19265	55.2806
DXB060	RAKBANK	Dubai	Banking	Tier 2	10.16	Large	11	5611	CHRO	53.8	COO	52.5	CHRO lead + COO add-on + AI support	CFO-led governance	2570000	71.7	1548650	3129681	0.536	830076	51.9	Monitor	People scaling	Digitally Mature	CTO	Automation Scout Agent; Architecture Assistant; Incident Triage Agent	Send commercial proposal	31.4	6.1	85	31	27	87	20.5	55	2.84	9.1	17.2	68	68.4	46	12	73	89	80	65	13	89	5	49.5	51.4	53.8	37.8	52.5	3585000	1015000	Proposal	6.46	49	8	5	13	6	8.9	9.6	12.6	12.2	Industry event	Transformation workshop	B	0	31	11	3	2	1315650	233000	0.585	0.585	0	34	19	60.8	64.9	64.2	33.7	133	830076	2.53	RAKBANK is a Dubai-based banking corporate in the large with monitor pressure, where a CHRO-led offer is most relevant because the account shows signals of people scaling; COO is the strongest secondary expansion path.	DIFC	Financial district with strong executive and transformation demand.	Dubai	Dubai	UAE	25.2046	55.2915
DXB061	RAK Properties	Dubai	Real Estate	Tier 1	31.4	Mega	13.7	10291	CHRO	62.2	COO	53.2	CHRO lead + COO add-on + AI support	COO-led transformation	2570000	71.7	1732650	3106169	0.514	890582	62.3	Moderate	People scaling	Scale-up Pressure	CMO	Campaign Insights Agent; Content Performance Agent; Lead Funnel Agent	Share tailored problem map	29.9	13.5	60	46	14	42	14.1	92	3.31	6.9	11	44	80.3	74	65	88	41	54	38	60	46	4	46.5	43	62.2	48.3	53.2	3585000	1015000	Discovery	7.44	50.64	3	7	10	6	10	9.8	16.8	14.3	Partner referral	Cost-savings diagnostic	C	1	39	2	1	0	1532050	200600	0.732	0.682	7.3	75	17	58.4	63.2	61.6	35.4	107	890582	2.53	RAK Properties is a Dubai-based real estate corporate in the mega with moderate pressure, where a CHRO-led offer is most relevant because the account shows signals of people scaling; COO is the strongest secondary expansion path.	Downtown Dubai	Central business location with high executive visibility and cross-functional complexity.	Dubai	Dubai	UAE	25.2105	55.2604
DXB062	Julphar	Dubai	Healthcare	Tier 3	9.45	Upper-Mid	10.2	21715	CFO	61.1	CHRO	52.6	CFO lead + CHRO add-on + AI support	CHRO-led scaleup	2760000	70.2	1620300	1967989	0.423	685387	63.8	Moderate	Finance stress	Managed Complexity	CTO	Automation Scout Agent; Architecture Assistant; Incident Triage Agent	Book discovery call	13.8	14.7	50	28	25	74	8.4	76	1.91	0.3	14.5	88	70.9	85	80	72	30	24	85	31	73	2	61.1	49	52.6	47.5	39.8	3930000	1170000	Qualified	7.77	50	14	11	1	11	6.7	9.6	10.6	9.3	Industry event	CXO advisory sprint	A	1	78	7	1	1	1363300	257000	0.602	0.552	9.1	89	11	71.5	63.8	68.9	32.3	125	685387	2.36	Julphar is a Dubai-based healthcare corporate in the upper-mid with moderate pressure, where a CFO-led offer is most relevant because the account shows signals of finance stress; CHRO is the strongest secondary expansion path.	Business Bay	Dense commercial zone suited to growth, finance, and operating-model interventions.	Dubai	Dubai	UAE	25.186	55.27675
DXB063	National Bank of Fujairah	Dubai	Banking	Tier 2	16.33	Large	11.4	22556	CHRO	77.7	CMO	64.1	CHRO lead + CMO add-on + AI support	CFO-led governance	2415000	70.7	1625000	4306250	0.574	932750	77.6	High	People scaling	Managed Complexity	CFO	Board Reporting Copilot; FP&A Agent; Compliance Calendar Agent	Share tailored problem map	43.8	10.3	65	35	28	86	19.4	92	1.67	14	7.1	77	76.4	94	41	73	57	16	62	41	68	10	53.6	46.2	77.7	64.1	46.9	3415000	1000000	Discovery	13.29	57.7	13	3	1	13	10.2	9.1	12.9	13.2	Partner referral	Cost-savings diagnostic	A	1	61	6	2	1	1395600	229400	0.789	0.739	6.8	68	24	71.5	72.4	70.2	29	102	932750	2.42	National Bank of Fujairah is a Dubai-based banking corporate in the large with high pressure, where a CHRO-led offer is most relevant because the account shows signals of people scaling; CMO is the strongest secondary expansion path.	DIFC	Financial district with strong executive and transformation demand.	Dubai	Dubai	UAE	25.2277	55.2929
DXB064	Dana Gas	Dubai	Energy	Tier 1	43.5	Mega	7.7	23877	CHRO	65.5	CFO	58.5	CHRO lead + CFO add-on + AI support	CHRO-led advisory	2800000	72.9	1852250	3959184	0.418	774240	68.7	High	People scaling	Managed Complexity	CTO	Automation Scout Agent; Architecture Assistant; Incident Triage Agent	Run diagnostic outreach	34.7	4.4	71	62	24	65	19.9	57	1.94	1.8	16.6	89	92.4	90	82	92	19	72	94	69	34	9	58.5	50.1	65.5	43.2	48.8	3840000	1040000	Prospect	8.78	53.22	10	11	3	3	4.4	4.8	9.5	9	Warm intro	Transformation workshop	B	0	10	6	1	0	1584450	267800	0.704	0.704	0	110	19	77	73.8	71.1	27.6	105	503256	2.69	Dana Gas is a Dubai-based energy corporate in the mega with high pressure, where a CHRO-led offer is most relevant because the account shows signals of people scaling; CFO is the strongest secondary expansion path.	Jebel Ali	Trade and industrial base where COO and CFO interventions often have strong logic.	Dubai	Dubai	UAE	24.99025	55.0636
DXB065	Abu Dhabi National Insurance Company	Dubai	Insurance	Tier 3	4.05	Upper-Mid	6.6	3109	CMO	49	COO	48.7	CMO lead + COO add-on + AI support	CFO-led governance	2630000	71.4	1385050	2120858	0.608	842110	45.5	Monitor	Growth efficiency	Managed Complexity	CTO	Automation Scout Agent; Architecture Assistant; Incident Triage Agent	Offer pilot with AI add-ons	17.4	3.2	71	27	19	57	15	64	1.54	20.1	15.8	70	62.3	32	8	51	50	76	34	75	34	2	37.4	45	42.8	49	48.7	3685000	1055000	Negotiation	4.78	44.58	8	4	12	7	-1.5	5.7	4.1	5.6	Industry event	Transformation workshop	C	1	67	13	4	3	1189250	195800	0.591	0.541	9.2	9	15	49.5	56.7	64.9	35.9	122	842110	2.49	Abu Dhabi National Insurance Company is a Dubai-based insurance corporate in the upper-mid with monitor pressure, where a CMO-led offer is most relevant because the account shows signals of growth efficiency; COO is the strongest secondary expansion path.	DIFC	Financial district with strong executive and transformation demand.	Dubai	Dubai	UAE	25.2172	55.27015
DXB066	Sukoon Insurance	Dubai	Insurance	Tier 3	6.28	Upper-Mid	3.2	2362	CMO	54.7	CTO	45.5	CMO lead + CTO add-on + AI support	CFO-led governance	2710000	71.9	1409250	1865335	0.676	952653	47.5	Monitor	Growth efficiency	Managed Complexity	CHRO	Talent Screening Agent; HR Policy Q&A Agent; Workforce Analytics Agent	Convert pilot to annual retainer	19.5	1.5	81	48	5	52	19.6	52	3.97	25.4	3.1	88	90.5	30	25	47	52	83	40	61	50	2	38.6	45.5	43.1	54.7	34.5	3770000	1060000	Pilot	7.65	43.28	11	12	13	2	2.4	2.4	-0.2	3.3	Partner referral	Transformation workshop	B	1	78	5	2	1	1206250	203000	0.587	0.537	9.3	9	13	48.8	58.2	68.9	33.6	126	952653	2.56	Sukoon Insurance is a Dubai-based insurance corporate in the upper-mid with monitor pressure, where a CMO-led offer is most relevant because the account shows signals of growth efficiency; CTO is the strongest secondary expansion path.	DIFC	Financial district with strong executive and transformation demand.	Dubai	Dubai	UAE	25.20565	55.2887
DXB067	Union Insurance	Dubai	Insurance	Tier 3	6.73	Upper-Mid	3.8	2630	CHRO	61.4	CMO	51.7	CHRO lead + CMO add-on + AI support	CFO-led governance	2415000	70.7	1395350	2197676	0.376	524652	61.7	Moderate	People scaling	Managed Complexity	CFO	Board Reporting Copilot; FP&A Agent; Compliance Calendar Agent	Run diagnostic outreach	19.9	7	68	27	29	76	27.8	69	4.2	10.5	3.5	76	97.2	75	31	50	39	50	37	43	33	1	50.4	46.3	61.4	51.7	33.5	3415000	1000000	Prospect	10.12	48.66	7	2	8	10	-1.6	2.4	3.7	5.2	Warm intro	CXO advisory sprint	B	0	62	9	2	2	1195950	199400	0.621	0.621	0	104	15	57.2	60.8	60.4	36.9	135	341024	2.42	Union Insurance is a Dubai-based insurance corporate in the upper-mid with moderate pressure, where a CHRO-led offer is most relevant because the account shows signals of people scaling; CMO is the strongest secondary expansion path.	DIFC	Financial district with strong executive and transformation demand.	Dubai	Dubai	UAE	25.20845	55.2838
DXB068	AD Ports Group	Dubai	Logistics	Tier 1	31.24	Mega	6.9	37943	CFO	51.1	CHRO	49.3	CFO lead + CHRO add-on + AI support	COO-led transformation	2760000	70.2	1917600	3752467	0.386	740194	46.4	Monitor	Finance stress	Managed Complexity	CTO	Automation Scout Agent; Architecture Assistant; Incident Triage Agent	Book discovery call	19.2	16.1	79	62	15	51	22.5	44	3.52	9.7	16.3	50	93.6	30	81	36	41	33	46	51	38	1	51.1	37.9	49.3	34.1	32.6	3930000	1170000	Qualified	8.64	41	13	14	8	10	6.9	4.4	3.5	3.5	Industry event	CXO advisory sprint	A	1	8	11	4	2	1707400	210200	0.662	0.612	8.2	77	19	51.9	61.6	60.2	36.9	117	740194	2.36	AD Ports Group is a Dubai-based logistics corporate in the mega with monitor pressure, where a CFO-led offer is most relevant because the account shows signals of finance stress; CHRO is the strongest secondary expansion path.	Dubai South	Logistics and expansion corridor with execution and operating-efficiency relevance.	Dubai	Dubai	UAE	24.911849999999998	55.1761
DXB069	Borouge	Dubai	Chemicals	Tier 4	2.27	Mid	1	10313	CMO	53	CTO	51.2	CMO lead + CTO add-on + AI support	CMO-led advisory	2710000	71.9	1322800	2117983	0.567	750028	54	Moderate	Growth efficiency	Managed Complexity	CFO	Board Reporting Copilot; FP&A Agent; Compliance Calendar Agent	Send commercial proposal	21	-2.3	65	37	26	61	9.7	82	1.3	21.5	15.2	69	91.5	60	8	35	48	45	63	67	60	3	47.4	51.2	45	53	36.4	3770000	1060000	Proposal	6.51	46.6	1	11	10	2	1.7	-2	0.5	2.8	LinkedIn outbound	Cost-savings diagnostic	A	1	49	12	3	1	1092200	230600	0.684	0.634	7.9	33	15	61.8	64.4	69.3	31.5	109	750028	2.56	Borouge is a Dubai-based chemicals corporate in the mid with moderate pressure, where a CMO-led offer is most relevant because the account shows signals of growth efficiency; CTO is the strongest secondary expansion path.	Downtown Dubai	Central business location with high executive visibility and cross-functional complexity.	Dubai	Dubai	UAE	25.2105	55.26845
DXB070	Fertiglobe	Dubai	Chemicals	Tier 2	19.06	Large	7.6	8772	CTO	60	CHRO	53.5	CTO lead + CHRO add-on + AI support	CTO-led advisory	2620000	70.2	1713300	3503114	0.397	680180	53	Monitor	Tech modernization	Managed Complexity	CMO	Campaign Insights Agent; Content Performance Agent; Lead Funnel Agent	Book discovery call	26	4.7	57	40	22	43	22.5	35	1.2	-3.2	4.8	50	91.6	33	10	55	68	91	84	20	89	8	43.1	60	53.5	53.5	49.5	3730000	1110000	Qualified	6.2	51.92	4	4	7	13	6.3	6.6	4.9	9.6	Partner referral	Cost-savings diagnostic	C	0	52	7	2	1	1457500	255800	0.628	0.628	0	87	19	64.1	62.3	54.6	39.2	112	680180	2.36	Fertiglobe is a Dubai-based chemicals corporate in the large with monitor pressure, where a CTO-led offer is most relevant because the account shows signals of tech modernization; CHRO is the strongest secondary expansion path.	Dubai South	Logistics and expansion corridor with execution and operating-efficiency relevance.	Dubai	Dubai	UAE	24.90485	55.1439
DXB071	Multiply Group	Dubai	Investment	Tier 3	8.35	Upper-Mid	10.3	3342	CHRO	61.5	CMO	55.8	CHRO lead + CMO add-on + AI support	CHRO-led advisory	2415000	70.7	1419400	1673118	0.515	730991	60	Moderate	People scaling	Digitally Mature	CFO	Board Reporting Copilot; FP&A Agent; Compliance Calendar Agent	Share tailored problem map	37.3	20.9	77	38	22	32	20.4	36	1.78	17.5	11.1	79	91.8	61	35	75	51	17	62	13	85	7	43.7	37.6	61.5	55.8	31.7	3415000	1000000	Discovery	12.42	46.06	7	12	8	14	9.3	11.7	9.2	12.9	Partner referral	Transformation workshop	A	1	5	12	4	2	1190000	229400	0.763	0.713	7	56	11	62.9	69.7	71.7	29.2	123	730991	2.42	Multiply Group is a Dubai-based investment corporate in the upper-mid with moderate pressure, where a CHRO-led offer is most relevant because the account shows signals of people scaling; CMO is the strongest secondary expansion path.	Dubai Silicon Oasis	Innovation-oriented area with scaling, systems, and process design needs.	Dubai	Dubai	UAE	25.11415	55.3626
DXB072	Presight AI	Dubai	Technology	Tier 3	3.99	Upper-Mid	13.7	1921	CHRO	60	COO	50.6	CHRO lead + COO add-on + AI support	CTO-led transformation	2570000	71.7	1433850	2157944	0.424	607952	59.9	Moderate	People scaling	Scale-up Pressure	CMO	Campaign Insights Agent; Content Performance Agent; Lead Funnel Agent	Book discovery call	14.4	28.8	96	37	7	34	12	49	2.37	7.1	11	73	64.4	71	35	30	18	31	66	79	73	8	43.4	40.2	60	48.4	50.6	3585000	1015000	Qualified	7.61	48.52	10	9	6	13	14.8	9.5	12.3	14.2	Warm intro	Cost-savings diagnostic	C	0	73	11	2	1	1199650	234200	0.653	0.653	0	82	14	63.8	70.7	74.3	27.4	98	607952	2.53	Presight AI is a Dubai-based technology corporate in the upper-mid with moderate pressure, where a CHRO-led offer is most relevant because the account shows signals of people scaling; COO is the strongest secondary expansion path.	Dubai Internet City	Technology-heavy corridor where digital maturity and transformation needs are highly visible.	Dubai	Dubai	UAE	25.1032	55.163999999999994
DXB073	Yahsat	Dubai	Technology	Tier 4	1.54	Mid	27.6	5835	CMO	66.3	CHRO	60.2	CMO lead + CHRO add-on + AI support	CTO-led transformation	2400000	70	1253350	1674409	0.551	690596	56.9	Moderate	Growth efficiency	Scale-up Pressure	COO	Workflow Monitoring Agent; SLA Alert Agent; Process Mining Agent	Send commercial proposal	15.4	32.1	89	41	13	19	18.9	36	1.26	18.7	5.4	86	69.5	27	13	57	55	28	30	20	64	10	36.3	30.8	60.2	66.3	38.7	3430000	1030000	Proposal	15.74	46.46	10	7	7	12	22.2	25.3	28.5	26.7	Founder referral	Transformation workshop	C	0	16	3	1	0	1062350	191000	0.585	0.585	0	49	13	51.3	61	70.3	32.6	130	690596	2.33	Yahsat is a Dubai-based technology corporate in the mid with moderate pressure, where a CMO-led offer is most relevant because the account shows signals of growth efficiency; CHRO is the strongest secondary expansion path.	Dubai Internet City	Technology-heavy corridor where digital maturity and transformation needs are highly visible.	Dubai	Dubai	UAE	25.0787	55.14055
DXB074	e&	Dubai	Telecommunications	Tier 2	19.66	Large	6.3	13078	CHRO	57.9	COO	53.1	CHRO lead + COO add-on + AI support	CTO-led transformation	2570000	71.7	1576850	3234334	0.703	1108526	50.7	Monitor	People scaling	Managed Complexity	CTO	Automation Scout Agent; Architecture Assistant; Incident Triage Agent	Convert pilot to annual retainer	21	3.3	72	45	15	57	25.5	35	3.96	-2.8	3.7	44	84.3	28	38	37	32	80	92	68	25	10	41.1	52.5	57.9	41.3	53.1	3585000	1015000	Pilot	7.58	49.18	11	11	5	11	3.9	5	5.1	8.9	Industry event	Transformation workshop	B	1	34	11	4	1	1311450	265400	0.654	0.604	8.3	7	19	65	66.5	55.5	37.2	103	1108526	2.53	e& is a Dubai-based telecommunications corporate in the large with monitor pressure, where a CHRO-led offer is most relevant because the account shows signals of people scaling; COO is the strongest secondary expansion path.	Dubai Internet City	Technology-heavy corridor where digital maturity and transformation needs are highly visible.	Dubai	Dubai	UAE	25.09235	55.156299999999995
DXB075	EMSTEEL	Dubai	Industrials	Tier 2	14.06	Large	15	4831	CMO	66.4	CTO	58.5	CMO lead + CTO add-on + AI support	CMO-led advisory	2710000	71.9	1661750	2902523	0.665	1105064	62.5	Moderate	Growth efficiency	Managed Complexity	CHRO	Talent Screening Agent; HR Policy Q&A Agent; Workforce Analytics Agent	Offer pilot with AI add-ons	9.7	4.8	51	47	5	65	23.7	63	1.38	25.3	10	63	97	57	84	54	75	52	80	55	51	2	52.6	58.5	54.5	66.4	36.2	3770000	1060000	Negotiation	11.1	53.64	14	10	11	4	12.5	13.7	12.9	14.2	Founder referral	Transformation workshop	A	0	32	6	2	1	1410750	251000	0.615	0.615	0	23	16	68.2	62.8	55.6	38.2	97	1105064	2.56	EMSTEEL is a Dubai-based industrials corporate in the large with moderate pressure, where a CMO-led offer is most relevant because the account shows signals of growth efficiency; CTO is the strongest secondary expansion path.	Business Bay	Dense commercial zone suited to growth, finance, and operating-model interventions.	Dubai	Dubai	UAE	25.2028	55.28165
DXB076	NMDC Energy	Dubai	Industrials	Tier 3	8.89	Upper-Mid	4.5	16131	CHRO	55.8	CTO	53.2	CHRO lead + CTO add-on + AI support	CHRO-led advisory	2650000	72.2	1404500	1481109	0.467	655902	53.8	Monitor	People scaling	Managed Complexity	COO	Workflow Monitoring Agent; SLA Alert Agent; Process Mining Agent	Share tailored problem map	10.5	10.4	67	51	23	42	15.5	51	2.95	23.7	16.9	73	73.9	49	27	58	87	65	51	46	38	8	48.3	53.2	55.8	45.2	50.4	3670000	1020000	Discovery	4.13	50.58	12	2	10	14	-0.6	2.3	4.6	6.9	Industry event	Transformation workshop	C	1	83	15	6	2	1188300	216200	0.647	0.597	8.4	47	10	58.4	62	66.5	33.4	115	655902	2.6	NMDC Energy is a Dubai-based industrials corporate in the upper-mid with monitor pressure, where a CHRO-led offer is most relevant because the account shows signals of people scaling; CTO is the strongest secondary expansion path.	Dubai Internet City	Technology-heavy corridor where digital maturity and transformation needs are highly visible.	Dubai	Dubai	UAE	25.1004	55.169599999999996
DXB077	Al Seer Marine	Dubai	Industrials	Tier 2	14.77	Large	6.2	2153	CFO	53.1	CMO	49.6	CFO lead + CMO add-on + AI support	CFO-led advisory	2835000	70.6	1706300	3492744	0.331	564785	49.4	Monitor	Finance stress	Managed Complexity	CHRO	Talent Screening Agent; HR Policy Q&A Agent; Workforce Analytics Agent	Run diagnostic outreach	14.2	0	50	41	18	34	14.6	74	1.53	12	14.1	63	91.8	39	85	89	31	67	32	62	89	1	53.1	39.8	42.5	49.6	37	4015000	1180000	Prospect	6.75	44.4	13	4	11	5	7.6	9.1	11.5	6.6	Industry event	Cost-savings diagnostic	C	0	89	13	5	2	1512900	193400	0.587	0.587	0	92	20	50.2	52.7	59	40	139	367110	2.4	Al Seer Marine is a Dubai-based industrials corporate in the large with monitor pressure, where a CFO-led offer is most relevant because the account shows signals of finance stress; CMO is the strongest secondary expansion path.	Jumeirah Lakes Towers	Mixed corporate cluster with varied finance, people, and operating-model needs.	Dubai	Dubai	UAE	25.0548	55.15755
DXB078	Yalla Group	Dubai	Technology	Tier 3	7.58	Upper-Mid	16.6	6461	CHRO	64.1	COO	57.6	CHRO lead + COO add-on + AI support	CTO-led transformation	2570000	71.7	1466850	1942243	0.714	1047331	61.1	Moderate	People scaling	Managed Complexity	CMO	Campaign Insights Agent; Content Performance Agent; Lead Funnel Agent	Convert pilot to annual retainer	24.5	4.1	91	46	32	19	18.4	71	0.69	20.8	15.6	53	78.8	57	42	30	58	75	90	35	81	10	50.9	56.5	64.1	56.8	57.6	3585000	1015000	Pilot	4.69	57.18	5	10	6	8	12.3	16.4	17.5	16.4	LinkedIn outbound	CXO advisory sprint	C	0	73	11	3	1	1203850	263000	0.576	0.576	0	7	12	71.3	71.1	62.4	32.7	123	1047331	2.53	Yalla Group is a Dubai-based technology corporate in the upper-mid with moderate pressure, where a CHRO-led offer is most relevant because the account shows signals of people scaling; COO is the strongest secondary expansion path.	Dubai Internet City	Technology-heavy corridor where digital maturity and transformation needs are highly visible.	Dubai	Dubai	UAE	25.0962	55.1633
DXB079	Arada	Dubai	Real Estate	Tier 2	14	Large	10.6	14981	CHRO	70	CMO	59	CHRO lead + CMO add-on + AI support	COO-led transformation	2415000	70.7	1573100	3026787	0.432	679579	66.2	High	People scaling	Managed Complexity	CFO	Board Reporting Copilot; FP&A Agent; Compliance Calendar Agent	Run diagnostic outreach	16.9	16.4	49	45	9	49	27.2	60	4.08	21.4	5	83	93.6	65	53	53	26	29	52	73	54	6	47	44.9	70	59	32.8	3415000	1000000	Prospect	14.22	50.74	10	6	6	10	6	7.6	7.1	12.6	Warm intro	CXO advisory sprint	A	1	35	11	5	3	1355700	217400	0.788	0.738	6.8	94	18	62.2	64.5	64.5	33.9	128	441726	2.42	Arada is a Dubai-based real estate corporate in the large with high pressure, where a CHRO-led offer is most relevant because the account shows signals of people scaling; CMO is the strongest secondary expansion path.	Downtown Dubai	Central business location with high executive visibility and cross-functional complexity.	Dubai	Dubai	UAE	25.20385	55.26355
DXB080	Dulsco Group	Dubai	Business Services	Tier 3	4.08	Upper-Mid	17.8	25527	CHRO	55.3	CTO	53.3	CHRO lead + CTO add-on + AI support	CHRO-led advisory	2650000	72.2	1434150	1549317	0.411	589436	60.9	Moderate	People scaling	Scale-up Pressure	CMO	Campaign Insights Agent; Content Performance Agent; Lead Funnel Agent	Book discovery call	14.1	8.1	56	29	6	33	25.5	34	3.65	3.1	6.9	78	62.9	86	83	63	54	50	55	63	59	2	47	53.3	55.3	52.8	51.2	3670000	1020000	Qualified	3.12	51.92	10	5	7	11	15.4	13	18	21.2	Partner referral	CXO advisory sprint	B	0	61	2	1	1	1213150	221000	0.59	0.59	0	95	10	65.2	61.5	58.6	37.1	128	383133	2.6	Dulsco Group is a Dubai-based business services corporate in the upper-mid with moderate pressure, where a CHRO-led offer is most relevant because the account shows signals of people scaling; CTO is the strongest secondary expansion path.	Dubai Silicon Oasis	Innovation-oriented area with scaling, systems, and process design needs.	Dubai	Dubai	UAE	25.1068	55.3682
DXB081	Imdaad	Dubai	Business Services	Tier 3	4.78	Upper-Mid	9.3	4250	CMO	66	COO	63.6	CMO lead + COO add-on + AI support	CMO-led advisory	2630000	71.4	1481800	2417186	0.469	694964	70.4	High	Growth efficiency	Managed Complexity	CTO	Automation Scout Agent; Architecture Assistant; Incident Triage Agent	Book discovery call	14.2	10.2	43	56	31	36	11.1	42	1.44	5	3.5	67	76.6	91	23	81	47	90	42	16	59	8	56.6	58.4	55.8	66	63.6	3685000	1055000	Qualified	4.49	60.08	9	8	9	5	8.6	8	13.9	10.5	LinkedIn outbound	CXO advisory sprint	C	1	62	13	4	2	1276400	205400	0.709	0.659	7.6	74	15	67.1	63.4	64.6	34.1	90	694964	2.49	Imdaad is a Dubai-based business services corporate in the upper-mid with high pressure, where a CMO-led offer is most relevant because the account shows signals of growth efficiency; COO is the strongest secondary expansion path.	Jumeirah Lakes Towers	Mixed corporate cluster with varied finance, people, and operating-model needs.	Dubai	Dubai	UAE	25.0688	55.1299
DXB082	Transguard Group	Dubai	Business Services	Tier 3	6.14	Upper-Mid	12.9	4177	CMO	69.6	CHRO	67.9	CMO lead + CHRO add-on + AI support	CMO-led advisory	2340000	68.2	1560750	1945735	0.633	987955	72.9	High	Growth efficiency	Managed Complexity	CTO; COO	Automation Scout Agent; Architecture Assistant; Incident Triage Agent; Workflow Monitoring Agent; SLA Alert Agent; Process Mining Agent	Send commercial proposal	12.3	0.8	56	31	14	37	29.1	99	0.94	16.6	6.8	68	63.6	88	30	89	72	79	88	19	38	1	43.4	62	67.9	69.6	58.8	3430000	1090000	Proposal	10.43	60.34	9	3	11	6	8.6	14.9	13.2	14	Partner referral	Transformation workshop	A	1	36	4	1	0	1255150	305600	0.722	0.672	7.4	48	11	79.2	72.5	58.9	34.7	115	987955	2.15	Transguard Group is a Dubai-based business services corporate in the upper-mid with high pressure, where a CMO-led offer is most relevant because the account shows signals of growth efficiency; CHRO is the strongest secondary expansion path.	Jumeirah Lakes Towers	Mixed corporate cluster with varied finance, people, and operating-model needs.	Dubai	Dubai	UAE	25.068099999999998	55.1243
DXB083	Emirates Post Group	Dubai	Logistics	Tier 1	38.06	Mega	4.2	5203	CHRO	51.3	CTO	50.9	CHRO lead + CTO add-on + AI support	COO-led transformation	2650000	72.2	1690450	2609632	0.451	762393	49.1	Monitor	People scaling	Managed Complexity	CFO	Board Reporting Copilot; FP&A Agent; Compliance Calendar Agent	Share tailored problem map	16	10.5	81	54	27	50	7.4	53	4.09	3.9	5	62	96.7	41	21	36	66	88	33	65	56	10	50.6	50.9	51.3	42.4	47.9	3670000	1020000	Discovery	3.73	48.62	8	14	1	7	-0.1	3.6	6.5	2.8	LinkedIn outbound	Transformation workshop	A	1	26	12	3	1	1495850	194600	0.64	0.59	8.5	58	15	51.7	61.2	70.4	31.9	104	762393	2.6	Emirates Post Group is a Dubai-based logistics corporate in the mega with monitor pressure, where a CHRO-led offer is most relevant because the account shows signals of people scaling; CTO is the strongest secondary expansion path.	Dubai South	Logistics and expansion corridor with execution and operating-efficiency relevance.	Dubai	Dubai	UAE	24.91115	55.1439
DXB084	Wasl	Dubai	Real Estate	Tier 1	34.19	Mega	15.3	14004	CHRO	59.7	CMO	51.3	CHRO lead + CMO add-on + AI support	COO-led transformation	2415000	70.7	1695150	3334244	0.376	637376	56.5	Moderate	People scaling	Transformation Gap	CFO	Board Reporting Copilot; FP&A Agent; Compliance Calendar Agent	Run diagnostic outreach	29	16.9	48	52	15	51	25.8	61	4.1	16.6	9.7	59	75.9	54	28	53	32	52	32	17	70	1	45.7	45.7	59.7	51.3	45.6	3415000	1000000	Prospect	6.15	49.6	6	8	14	5	13.4	9.7	17.3	18.2	LinkedIn outbound	CXO advisory sprint	B	1	15	9	3	1	1501750	193400	0.682	0.632	7.9	102	19	53.3	56.7	55.3	40.4	123	414294	2.42	Wasl is a Dubai-based real estate corporate in the mega with moderate pressure, where a CHRO-led offer is most relevant because the account shows signals of people scaling; CMO is the strongest secondary expansion path.	Downtown Dubai	Central business location with high executive visibility and cross-functional complexity.	Dubai	Dubai	UAE	25.213649999999998	55.2884
DXB085	Nakheel	Dubai	Real Estate	Tier 1	27.63	Mega	8.6	18472	CTO	58	CHRO	55.1	CTO lead + CHRO add-on + AI support	COO-led transformation	2620000	70.2	1975750	3320607	0.418	825864	64.5	Moderate	Tech modernization	Managed Complexity	CFO	Board Reporting Copilot; FP&A Agent; Compliance Calendar Agent	Run diagnostic outreach	28.8	-2.1	63	52	29	36	27.5	35	1.54	10.5	17	80	70.5	94	51	33	43	33	90	14	28	3	51.8	58	55.1	50.3	48	3730000	1110000	Prospect	3.95	52.64	2	1	13	5	2.5	4.8	10.7	10.2	Partner referral	Transformation workshop	C	1	44	15	5	1	1712750	263000	0.753	0.703	7.1	90	15	75.8	73.1	65.2	31.2	128	825864	2.36	Nakheel is a Dubai-based real estate corporate in the mega with moderate pressure, where a CTO-led offer is most relevant because the account shows signals of tech modernization; CHRO is the strongest secondary expansion path.	Downtown Dubai	Central business location with high executive visibility and cross-functional complexity.	Dubai	Dubai	UAE	25.2035	55.287
DXB086	Meraas	Dubai	Real Estate	Tier 2	20.55	Large	16.5	14725	CHRO	58.5	CFO	53.7	CHRO lead + CFO add-on + AI support	COO-led transformation	2800000	72.9	1560900	2769119	0.439	685235	53	Monitor	People scaling	Managed Complexity	CMO	Campaign Insights Agent; Content Performance Agent; Lead Funnel Agent	Share tailored problem map	21.7	2	63	60	29	62	25	66	4.03	5.1	3.4	60	77.8	37	56	90	79	51	47	70	26	6	53.7	42.9	58.5	50.5	45.9	3840000	1040000	Discovery	6.18	50.3	2	7	14	13	11.8	15.7	18.4	17.5	Partner referral	CXO advisory sprint	A	0	57	1	0	0	1349500	211400	0.544	0.544	0	79	17	55.5	56.7	54.1	40.4	143	685235	2.69	Meraas is a Dubai-based real estate corporate in the large with monitor pressure, where a CHRO-led offer is most relevant because the account shows signals of people scaling; CFO is the strongest secondary expansion path.	Downtown Dubai	Central business location with high executive visibility and cross-functional complexity.	Dubai	Dubai	UAE	25.19195	55.2814
DXB087	Dubai South	Dubai	Transport Infrastructure	Tier 3	6.2	Upper-Mid	8.2	3796	CHRO	53.1	CTO	47.5	CHRO lead + CTO add-on + AI support	CHRO-led advisory	2650000	72.2	1391550	1886446	0.463	644288	52.5	Monitor	People scaling	Managed Complexity	CMO	Campaign Insights Agent; Content Performance Agent; Lead Funnel Agent	Share tailored problem map	31.1	9.1	76	49	26	43	9.7	74	3.98	0	3.7	71	80.7	57	7	62	85	48	44	87	25	6	41.1	47.5	53.1	45.7	44.1	3670000	1020000	Discovery	4.47	46.3	1	11	4	4	3.4	9.3	8.7	11.9	Partner referral	Cost-savings diagnostic	C	0	69	10	4	2	1183750	207800	0.647	0.647	0	58	13	55.3	62.3	70.7	31.4	107	644288	2.6	Dubai South is a Dubai-based transport infrastructure corporate in the upper-mid with monitor pressure, where a CHRO-led offer is most relevant because the account shows signals of people scaling; CTO is the strongest secondary expansion path.	Dubai Media City	Commercial hub with strong brand, growth, and marketing execution relevance.	Dubai	Dubai	UAE	25.1105	55.16775
DXB088	Dubai Investments	Dubai	Conglomerate	Tier 1	31.81	Mega	10.7	51907	CMO	55.4	CHRO	54.4	CMO lead + CHRO add-on + AI support	CMO-led advisory	2400000	70	1773750	3054075	0.443	785771	48.9	Monitor	Growth efficiency	Managed Complexity	CFO	Board Reporting Copilot; FP&A Agent; Compliance Calendar Agent	Share tailored problem map	13.1	5.5	65	57	21	60	27.6	23	2.39	22.7	9.6	77	91.6	24	64	71	71	75	88	43	50	8	53.8	52.4	54.4	55.4	39.5	3430000	1030000	Discovery	6.57	51.1	5	9	7	7	6.7	10	10.4	9.5	LinkedIn outbound	Cost-savings diagnostic	B	0	21	7	2	1	1513150	260600	0.611	0.611	0	67	16	64.1	63.4	59.8	36.6	117	785771	2.33	Dubai Investments is a Dubai-based conglomerate corporate in the mega with monitor pressure, where a CMO-led offer is most relevant because the account shows signals of growth efficiency; CHRO is the strongest secondary expansion path.	Downtown Dubai	Central business location with high executive visibility and cross-functional complexity.	Dubai	Dubai	UAE	25.194399999999998	55.2639
DXB089	National Bonds	Dubai	Financial Services	Tier 2	12.93	Large	11.2	3705	CFO	57	CHRO	55.5	CFO lead + CHRO add-on + AI support	CFO-led governance	2760000	70.2	1733400	2938376	0.476	825098	56	Moderate	Finance stress	Digitally Mature	COO	Workflow Monitoring Agent; SLA Alert Agent; Process Mining Agent	Share tailored problem map	27.4	13.1	76	52	26	94	15.4	48	3.56	10.2	13.8	66	69.8	54	54	77	43	25	52	25	44	7	57	35.3	55.5	41.2	46.1	3930000	1170000	Discovery	9.27	47.02	6	8	8	3	7.9	10.5	10.7	11.8	LinkedIn outbound	Cost-savings diagnostic	C	1	61	9	2	1	1516000	217400	0.655	0.605	8.3	64	16	59.7	64.7	66.9	32.9	127	825098	2.36	National Bonds is a Dubai-based financial services corporate in the large with moderate pressure, where a CFO-led offer is most relevant because the account shows signals of finance stress; CHRO is the strongest secondary expansion path.	DIFC	Financial district with strong executive and transformation demand.	Dubai	Dubai	UAE	25.20705	55.2775
DXB090	National General Insurance	Dubai	Insurance	Tier 3	6.08	Upper-Mid	10.9	2903	CTO	60.2	COO	56.1	CTO lead + COO add-on + AI support	CFO-led governance	2850000	71.5	1598150	1936425	0.661	1056377	61.7	Moderate	Tech modernization	Managed Complexity	CMO	Campaign Insights Agent; Content Performance Agent; Lead Funnel Agent	Offer pilot with AI add-ons	17.8	15.2	55	43	13	52	12.4	35	2.6	22.3	14.2	50	68.3	73	67	52	74	51	81	21	46	4	50.1	60.2	48.9	54.8	56.1	3985000	1135000	Negotiation	4.6	54.02	14	9	2	11	12	12	11.1	12.4	LinkedIn outbound	CXO advisory sprint	A	1	83	5	2	1	1345950	252200	0.609	0.559	8.9	24	11	70.8	64.7	58.6	36.3	118	1056377	2.51	National General Insurance is a Dubai-based insurance corporate in the upper-mid with moderate pressure, where a CTO-led offer is most relevant because the account shows signals of tech modernization; COO is the strongest secondary expansion path.	DIFC	Financial district with strong executive and transformation demand.	Dubai	Dubai	UAE	25.215799999999998	55.268750000000004
DXB091	Union Coop	Dubai	Retail	Tier 3	9.32	Upper-Mid	5	54158	CHRO	57	COO	44.6	CHRO lead + COO add-on + AI support	CMO-led growth	2570000	71.7	1379150	1419898	0.627	864727	50.1	Monitor	People scaling	Managed Complexity	CTO	Automation Scout Agent; Architecture Assistant; Incident Triage Agent	Offer pilot with AI add-ons	13.1	0.7	68	43	10	35	24.5	85	3.57	8.3	15.1	55	75	38	20	41	34	50	49	40	69	3	40.9	43.1	57	35.9	44.6	3585000	1015000	Negotiation	7.83	44.3	4	1	6	12	4	6.5	5.8	6	Partner referral	Cost-savings diagnostic	C	0	73	11	3	1	1165350	213800	0.612	0.612	0	14	10	51.8	57.9	56.5	39.3	127	864727	2.53	Union Coop is a Dubai-based retail corporate in the upper-mid with monitor pressure, where a CHRO-led offer is most relevant because the account shows signals of people scaling; COO is the strongest secondary expansion path.	Business Bay	Dense commercial zone suited to growth, finance, and operating-model interventions.	Dubai	Dubai	UAE	25.19965	55.26485
DXB092	Choithrams	Dubai	Retail	Tier 2	21.3	Large	8	24709	CHRO	59.9	CFO	58.7	CHRO lead + CFO add-on + AI support	CMO-led growth	2800000	72.9	1599200	3446761	0.425	679660	61.2	Moderate	People scaling	Managed Complexity	CMO	Campaign Insights Agent; Content Performance Agent; Lead Funnel Agent	Book discovery call	10	9.5	49	53	29	29	13.2	54	3.39	23.8	10	73	93.2	68	56	93	51	62	55	79	77	10	58.7	49	59.9	56.5	46.4	3840000	1040000	Qualified	6.04	54.1	4	7	1	7	5	5.6	5.7	5.4	Warm intro	CXO advisory sprint	A	1	83	3	1	0	1378200	221000	0.643	0.593	8.4	94	20	64.5	61.3	64	34.6	109	441779	2.69	Choithrams is a Dubai-based retail corporate in the large with moderate pressure, where a CHRO-led offer is most relevant because the account shows signals of people scaling; CFO is the strongest secondary expansion path.	Business Bay	Dense commercial zone suited to growth, finance, and operating-model interventions.	Dubai	Dubai	UAE	25.17515	55.2659
DXB093	Spinneys	Dubai	Retail	Tier 2	22.37	Large	10.4	46616	CMO	63.5	CHRO	62.9	CMO lead + CHRO add-on + AI support	CMO-led growth	2400000	70	1595550	3100444	0.716	1142414	58.1	Moderate	Growth efficiency	Managed Complexity	CTO	Automation Scout Agent; Architecture Assistant; Incident Triage Agent	Convert pilot to annual retainer	7.9	10.5	45	44	18	36	20.5	56	2.68	20.8	3.7	77	90.5	37	10	84	73	91	71	78	26	10	40.1	57.5	62.9	63.5	46.1	3430000	1030000	Pilot	10.46	54.02	1	6	2	1	6.9	10.3	9.9	12.5	Warm intro	Cost-savings diagnostic	C	0	76	3	1	1	1355350	240200	0.618	0.618	0	14	18	65	60	59.6	37.7	132	1142414	2.33	Spinneys is a Dubai-based retail corporate in the large with moderate pressure, where a CMO-led offer is most relevant because the account shows signals of growth efficiency; CHRO is the strongest secondary expansion path.	Business Bay	Dense commercial zone suited to growth, finance, and operating-model interventions.	Dubai	Dubai	UAE	25.1685	55.255050000000004
DXB094	Ducab	Dubai	Industrials	Tier 3	8.72	Upper-Mid	7.2	16586	CMO	62.4	CFO	55.9	CMO lead + CFO add-on + AI support	CMO-led advisory	2860000	72.6	1533650	1691081	0.607	930926	66.7	High	Growth efficiency	Managed Complexity	CHRO	Talent Screening Agent; HR Policy Q&A Agent; Workforce Analytics Agent	Send commercial proposal	13	17.7	58	46	33	41	12.5	62	1.38	0.2	2.9	68	76.5	92	9	83	18	74	71	24	71	2	55.9	51.7	55.6	62.4	54.8	3940000	1080000	Proposal	3.91	56.08	2	13	7	2	6.1	4.3	7.1	8.6	Warm intro	CXO advisory sprint	A	1	48	1	0	0	1293450	240200	0.69	0.64	7.8	54	10	71.1	67.8	66.5	31.6	122	930926	2.65	Ducab is a Dubai-based industrials corporate in the upper-mid with high pressure, where a CMO-led offer is most relevant because the account shows signals of growth efficiency; CFO is the strongest secondary expansion path.	Dubai South	Logistics and expansion corridor with execution and operating-efficiency relevance.	Dubai	Dubai	UAE	24.882099999999998	55.16735
DXB095	ALEC Engineering and Contracting	Dubai	Construction	Tier 2	14.75	Large	2.2	17134	CFO	61.9	CTO	57.4	CFO lead + CTO add-on + AI support	COO-led transformation	3070000	71.9	1798800	3286149	0.474	852631	58.8	Moderate	Finance stress	Managed Complexity	COO	Workflow Monitoring Agent; SLA Alert Agent; Process Mining Agent	Share tailored problem map	17	11.2	39	81	16	62	12.1	37	4.08	2.5	8.9	86	71.1	52	69	79	61	81	65	39	71	10	61.9	57.4	53.8	41.7	56.2	4270000	1200000	Discovery	7.58	54.2	10	9	5	4	0.1	-1	2.4	5.4	LinkedIn outbound	Cost-savings diagnostic	C	1	94	2	1	1	1565800	233000	0.615	0.565	8.8	75	17	63.7	58.1	64.8	35.4	118	852631	2.56	ALEC Engineering and Contracting is a Dubai-based construction corporate in the large with moderate pressure, where a CFO-led offer is most relevant because the account shows signals of finance stress; CTO is the strongest secondary expansion path.	Dubai Silicon Oasis	Innovation-oriented area with scaling, systems, and process design needs.	Dubai	Dubai	UAE	25.13515	55.37835
DXB096	Sobha Realty	Dubai	Real Estate	Tier 3	8.64	Upper-Mid	1.1	8378	CHRO	62	COO	58.4	CHRO lead + COO add-on + AI support	COO-led transformation	2570000	71.7	1415050	1808691	0.578	817899	58.3	Moderate	People scaling	Managed Complexity	CFO	Board Reporting Copilot; FP&A Agent; Compliance Calendar Agent	Send commercial proposal	22.3	-2	74	48	30	38	23.8	59	1.1	6.6	14	44	68.8	48	19	42	58	53	55	47	71	10	49.1	48.1	62	45.6	58.4	3585000	1015000	Proposal	7.13	52.64	6	3	2	2	0.1	1.3	0.5	6.1	Warm intro	Cost-savings diagnostic	A	1	66	1	0	0	1194050	221000	0.678	0.628	8	54	12	61.2	65.7	57.6	36.4	94	817899	2.53	Sobha Realty is a Dubai-based real estate corporate in the upper-mid with moderate pressure, where a CHRO-led offer is most relevant because the account shows signals of people scaling; COO is the strongest secondary expansion path.	Downtown Dubai	Central business location with high executive visibility and cross-functional complexity.	Dubai	Dubai	UAE	25.1881	55.28245
DXB097	G42	Dubai	Technology	Tier 3	5.21	Upper-Mid	23.2	1278	CHRO	62.7	COO	50.7	CHRO lead + COO add-on + AI support	CTO-led transformation	2570000	71.7	1380300	1980730	0.455	628036	54.2	Moderate	People scaling	Scale-up Pressure	CMO	Campaign Insights Agent; Content Performance Agent; Lead Funnel Agent	Share tailored problem map	25.7	16.1	87	33	5	45	22.1	38	3.17	0.1	9.5	48	68.7	35	38	59	35	37	38	72	33	10	33.1	31.9	62.7	43.7	50.7	3585000	1015000	Discovery	12.84	44.42	9	12	12	4	23.2	19.4	24.7	24.4	Warm intro	CXO advisory sprint	B	0	45	6	1	0	1179700	200600	0.593	0.593	0	70	14	50.6	60.5	59.1	37.3	147	628036	2.53	G42 is a Dubai-based technology corporate in the upper-mid with moderate pressure, where a CHRO-led offer is most relevant because the account shows signals of people scaling; COO is the strongest secondary expansion path.	Dubai Internet City	Technology-heavy corridor where digital maturity and transformation needs are highly visible.	Dubai	Dubai	UAE	25.0794	55.161199999999994
DXB098	Abu Dhabi National Hotels	Dubai	Hospitality	Tier 2	14.74	Large	6.8	3903	CHRO	51.2	CMO	50.7	CHRO lead + CMO add-on + AI support	CHRO-led scaleup	2415000	70.7	1506600	2820766	0.613	923546	47.2	Monitor	People scaling	Managed Complexity	CFO	Board Reporting Copilot; FP&A Agent; Compliance Calendar Agent	Offer pilot with AI add-ons	11.3	1.5	57	35	18	58	12.9	56	3.68	6.8	2.6	46	85	32	40	80	29	31	52	81	62	10	47.1	34.7	51.2	50.7	42.4	3415000	1000000	Negotiation	6.85	45.22	2	5	2	8	1.6	6.1	6.6	9	LinkedIn outbound	Cost-savings diagnostic	C	1	69	3	1	1	1289200	217400	0.59	0.54	9.3	29	18	54.6	56.4	57.1	39.7	123	923546	2.42	Abu Dhabi National Hotels is a Dubai-based hospitality corporate in the large with monitor pressure, where a CHRO-led offer is most relevant because the account shows signals of people scaling; CMO is the strongest secondary expansion path.	Downtown Dubai	Central business location with high executive visibility and cross-functional complexity.	Dubai	Dubai	UAE	25.2049	55.2695
DXB099	Burjeel Holdings	Dubai	Healthcare	Tier 2	18.79	Large	7.2	22484	CHRO	59.1	CTO	49.7	CHRO lead + CTO add-on + AI support	CHRO-led scaleup	2650000	72.2	1526850	2980134	0.391	596998	55.5	Moderate	People scaling	Managed Complexity	CMO	Campaign Insights Agent; Content Performance Agent; Lead Funnel Agent	Book discovery call	12.7	6.7	74	27	19	72	10.8	83	3.45	24	13.7	90	93.6	53	20	63	88	72	28	73	29	9	43.7	49.7	59.1	47.7	38.5	3670000	1020000	Qualified	7.66	47.74	11	14	4	9	-0.8	6.8	6.5	9.1	Founder referral	Transformation workshop	B	1	89	11	2	1	1338250	188600	0.576	0.526	9.5	82	19	51.2	57.7	72.1	32.2	131	596998	2.6	Burjeel Holdings is a Dubai-based healthcare corporate in the large with moderate pressure, where a CHRO-led offer is most relevant because the account shows signals of people scaling; CTO is the strongest secondary expansion path.	Business Bay	Dense commercial zone suited to growth, finance, and operating-model interventions.	Dubai	Dubai	UAE	25.1832	55.2624
DXB100	Lulu Retail Holdings	Dubai	Retail	Tier 3	8.77	Upper-Mid	4.9	21101	CHRO	68.9	COO	57.2	CHRO lead + COO add-on + AI support	CMO-led growth	2570000	71.7	1444600	1707638	0.537	775750	66.4	High	People scaling	Managed Complexity	CTO	Automation Scout Agent; Architecture Assistant; Incident Triage Agent	Share tailored problem map	9.6	11.1	61	46	29	39	25.3	56	3.9	1.9	13.8	56	80.8	71	71	42	42	76	56	84	18	8	54.9	56.3	68.9	36.8	57.2	3585000	1015000	Discovery	11.52	54.82	4	5	4	10	1.9	5.6	2.7	6.7	Founder referral	Cost-savings diagnostic	B	1	34	15	4	3	1222400	222200	0.775	0.725	6.9	52	11	63.7	67.3	60.7	34.6	105	775750	2.53	Lulu Retail Holdings is a Dubai-based retail corporate in the upper-mid with high pressure, where a CHRO-led offer is most relevant because the account shows signals of people scaling; COO is the strongest secondary expansion path.	Business Bay	Dense commercial zone suited to growth, finance, and operating-model interventions.	Dubai	Dubai	UAE	25.19965	55.257850000000005
